無し	498
皮下出血	78
湿疹	61
胃癌	43
大腸癌	43
肝細胞癌	41
虫垂炎	40
手足症候群	40
創傷出血	36
高血圧	35
肺癌	34
腎細胞癌	33
腎癌	33
胆石摘出	33
脳梗塞	32
筋腫核出術	32
糖尿病	31
心房細動	30
乳癌	30
逆流性食道炎	30
発疹	29
白内障手術	28
下肢浮腫	27
心臓ペースメーカー挿入	27
足部痛	26
下肢痙攣	26
続発性副甲状腺機能亢進症	25
接触皮膚炎	25
消化管間質性腫瘍	25
限局性そう痒	24
脳出血	24
皮膚擦過傷	24
指の損傷ＮＯＳ	24
リンパ節転移	23
挫傷	23
処置による出血	22
下肢痛	22
限局性紅斑	22
変形性膝関節症	22
リパーゼ増加	21
手足皮膚反応	21
肝機能障害	20
総ビリルビン増加	20
皮膚炎	20
甲状腺癌	20
γ－グルタミルトランスフェラーゼ増加	20
局所筋肉痛	19
狭心症	19
胃潰瘍	19
骨転移	19
癌	19
ＩＮＲ増加	19
ＰＴＨ増加	19
肝転移	19
頭痛	19
薬物相互作用	19
腎機能障害	18
処置による疼痛	18
高尿酸血症	18
発熱	18
洞不全症候群	18
直腸癌	18
頚動脈狭窄	18
嘔気	17
術後痛	17
糖尿病網膜症	17
血栓症予防	17
めまい感	17
体幹皮疹	17
トリグリセリド増加	17
肺結核	17
紅斑性皮疹	17
肩痛	17
足部白癬	17
慢性腎臓病	16
糖尿病性腎症	16
子宮筋腫	16
限局性蕁麻疹	16
薬疹	16
膨疹	16
下痢	15
爪白癬	15
加齢黄斑変性	15
高脂血症	15
便秘	15
家族性危険因子	15
膀胱癌	15
慢性腎不全	15
肝癌	15
腕の皮疹	15
皮膚剥離	14
前立腺癌	14
足のしびれ感	14
齲歯	14
膵癌	14
感染予防	14
こむら返り	14
外傷性出血	14
褥瘡	14
冠動脈ステント装着	14
皮疹	14
ＣＲＰ増加	13
感冒	13
そう痒	13
胸やけ	13
下肢そう痒	13
足部浮腫	13
前立腺肥大	13
上肢のしびれ感	13
卵巣チョコレート嚢胞	13
Ｓ状結腸の悪性新生物	13
不整脈	13
閉塞性動脈硬化症	13
嘔吐	12
投薬欠落	12
大腿骨頚部骨折	12
胸痛	12
慢性Ｃ型肝炎	12
足指痛	12
筋肉疲労	12
腰痛	12
骨粗鬆症	12
末梢性ニューロパチー	12
予防	12
薬剤残留	12
ＣＴスキャン	12
消化管出血	12
下肢閉塞性動脈硬化症	12
悪心	12
四肢のしびれ感	12
アミラーゼ増加	12
心筋梗塞	12
皮下血腫	12
皮下粉瘤	12
皮膚乾燥	11
結膜炎	11
悪性リンパ腫	11
脂質異常症	11
皮膚硬結	11
完全房室ブロック	11
筋痙攣	11
出血性脳梗塞	11
血中膵型アミラーゼ増加	11
非承認の投与計画での薬剤使用	11
顔面発赤	11
呼吸困難	11
局所性表皮剥脱	11
卵巣子宮内膜症	11
尿潜血陽性	11
胃出血	11
咳嗽	11
易刺激性	11
腎摘除	11
咽頭不快感	11
胃切除	11
下肢静脈瘤	11
網膜色素上皮剥離	11
大動脈瘤修復	11
鼻出血	11
クレアチニン増加	10
頚部痛	10
腎障害	10
老人性白内障	10
鼡径部ヘルニア修復	10
動悸	10
頚部皮疹	10
ふくらはぎ痛	10
両下肢皮疹	10
手指のしびれ感	10
ＡＬＰ増加	10
手のしびれ感	10
肺転移	10
腰部脊柱管狭窄症	10
術後出血	10
歯科補てつ物破損	10
脱毛症	10
視力低下	10
腹水	10
貧血	10
歯肉出血	10
紅斑	10
胆嚢切除	10
高血圧増悪	10
腰椎圧迫骨折	10
ふらふら感	10
腎嚢胞	10
肝硬変	10
倦怠感	10
肺炎	10
内出血	10
腫瘍出血	10
卵巣嚢腫摘出術	10
四肢そう痒感	10
蛋白尿	10
四肢皮疹	10
腎移植	10
全身性そう痒	10
月経周期管理	9
限局性発疹	9
血痰	9
網膜中心静脈閉塞	9
変形性股関節症	9
血腫	9
ラクナ梗塞	9
ＣＰＫ増加	9
肩関節周囲炎	9
苦味	9
放射線療法	9
顔面そう痒症	9
子宮体部癌	9
全身倦怠	9
血小板減少	9
子宮頚部癌	9
腎機能低下	9
下肢筋肉痛	9
眼痛	9
腹痛	9
血尿	9
多形紅斑様皮疹	9
肥大型心筋症	9
腫瘍性塞栓症	9
低カルシウム血症	9
感染性粉瘤	9
脊柱管狭窄症	9
出血性胃潰瘍	9
うつ病	9
帯状疱疹	9
皮膚そう痒	9
四肢浮腫	9
発作性心房細動	9
浮腫	9
ざ瘡	8
卵巣新生物	8
僧帽弁閉鎖不全症	8
手の関節痛	8
ＡＳＴ増加	8
腎硬化症	8
胸の挫傷	8
大動脈弁狭窄	8
網膜静脈分枝閉塞	8
ＡＬＴ増加	8
嗄声	8
癌疼痛	8
低アルブミン血症	8
皮膚発赤	8
肩こり	8
花粉症	8
下肢の関節痛	8
顔面発疹	8
網膜剥離	8
下肢のしびれ感	8
脂漏性皮膚炎	8
胸膜炎	8
くも膜下出血	8
歯牙破折	8
肝臓血管腫	8
間質性肺炎	8
ろれつ不良	8
胃不快感	8
顔面損傷	8
鉄欠乏性貧血	8
歯周炎	8
大腿骨骨折	8
下腿紅斑	8
胸水	8
緑内障	8
眠気	8
腫瘤	8
転移	8
切除不能な肝細胞癌	8
十二指腸潰瘍	8
腸閉塞	8
副鼻腔炎	8
毛包炎	8
大腸ポリープ切除	8
食道癌	8
増殖糖尿病網膜症	8
腹部膨満感	8
紫斑	8
２型糖尿病	8
口唇腫脹	8
蕁麻疹	8
咽頭痛	8
アレルギー性鼻炎	8
高カリウム血症	8
浮動性めまい	8
筋肉内出血	8
麦粒腫	8
透析時低血圧	8
月経痛	8
甲状腺機能低下症	8
関節リウマチ	8
神経痛	7
虫垂切除	7
皮脂欠乏性湿疹	7
筋肉内血腫	7
筋肉痛	7
上行結腸の悪性新生物	7
誤嚥性肺炎	7
痔出血	7
足関節部骨折	7
殿部の挫傷	7
血圧低下	7
スティーブンス・ジョンソン症候群	7
足関節捻挫	7
足部腫脹	7
下肢骨折	7
疲労	7
鼡径部痛	7
シャント狭窄	7
塞栓性脳梗塞	7
慢性硬膜下血腫	7
胆管癌	7
出血性腸憩室	7
足の胼胝	7
関節血腫	7
背部痛	7
子宮癌	7
咽頭乾燥	7
ぼーっとした	7
心不全	7
網膜静脈閉塞	7
網膜出血	7
頚部腫瘤	7
直接ビリルビン増加	7
脂肪腫	7
足の潰瘍	7
膵管内乳頭粘液性腫瘍	7
アルブミン減少	7
咽頭刺激感	7
頚動脈硬化症	7
虚血性心疾患	7
視床出血	7
皮膚潰瘍	7
子宮頚部異形成	7
尿蛋白陽性	7
大腿痛	7
耳鳴	7
出血性結腸憩室	7
処置後出血	7
胸部異常感	7
陳旧性脳梗塞	7
ビリルビン増加	7
顔の挫傷	7
月経過多	7
弾発指	7
肝機能検査値上昇	7
血圧上昇	7
血中リン減少	7
前立腺肥大症	7
顔面浮腫	7
脊椎転移	7
関節炎	7
ヘリコバクター・ピロリ感染	7
ＧＰＴ増加	7
肝嚢胞	7
心血管障害の家族歴	7
糖尿病性黄斑浮腫	7
四肢痛	7
冠動脈バイパス	7
評価不能の反応	7
肝機能検査異常	7
腰椎椎間板ヘルニア	7
シャント血栓症	6
胆管内胆石除去	6
眼充血	6
結膜下出血	6
腎転移	6
脂肪肝	6
足首の痛み	6
腎結石	6
血便	6
僧帽弁閉鎖不全	6
卵巣嚢胞	6
性器出血	6
腟分泌物異常	6
足の損傷	6
内痔核	6
アキレス腱断裂	6
汗疹	6
嚢胞	6
乳房嚢胞	6
左側麻痺	6
そう痒症増悪	6
解離性大動脈瘤	6
眼瞼浮腫	6
膝関節痛	6
機能性卵巣嚢胞	6
皮膚角化症	6
結腸癌	6
斑状出血	6
結膜出血	6
頭部挫傷	6
慢性血栓塞栓性肺高血圧症	6
プロトロンビン時間延長	6
限局性結節性過形成	6
動脈硬化症	6
アルツハイマー型認知症	6
胃炎	6
心嚢液貯留	6
皮膚そう痒症	6
γ－グルタミルトランスフェラーゼ高値	6
化学療法	6
一過性脳虚血発作	6
うっ血性心不全	6
下肢発赤	6
排尿困難	6
顔面のほてり	6
手指痛	6
乳腺線維腺腫	6
側腹部痛	6
後天性腎嚢胞	6
肋骨骨折	6
薬物アレルギー	6
趾骨折	6
皮下出血斑	6
肘部痛	6
胃のむかつき	6
パパニコロースミア異常、クラス３	6
母指痛	6
全身性疼痛	6
消化管穿孔	6
指の挫傷	6
下肢腫脹	6
腰椎すべり症	6
歯痛	6
果物アレルギー	6
脊髄新生物	6
視力障害	6
水疱	6
抑うつ状態	6
痔核手術	6
慢性蕁麻疹	6
Ｃ型肝炎	6
眼底出血	6
副腎転移	6
血栓症	6
顔面湿疹	6
かかと痛	6
下肢静脈血栓	6
止血延長	6
便秘増悪	6
気管支喘息	6
気胸	6
中大脳動脈閉塞	6
貧血増悪	6
静脈穿刺部位疼痛	6
リンパ節切除	6
脱出椎間板修復	6
経皮的冠動脈形成	6
膝の挫傷	6
皮膚出血	6
脳転移	6
クレアチンキナーゼ高値	6
結核	6
扁桃摘出	6
水性下痢	6
子宮外妊娠	5
内頚動脈瘤	5
偽痛風	5
低ナトリウム血症	5
毛髪脱落	5
膵酵素増加	5
穿刺部位疼痛	5
子供の偶発的薬剤摂取	5
肩の挫傷	5
全身性蕁麻疹	5
腰部椎間板疾患	5
カルシウム低値	5
痛風	5
右側麻痺	5
アルコール性肝障害	5
脚のしびれ感	5
多形滲出性紅斑	5
硬膜下出血	5
てんかん	5
静脈穿刺部位腫脹	5
涙道閉塞	5
経カテーテル動脈化学塞栓術	5
脾摘	5
末梢性壊疽	5
認知症	5
手の挫傷	5
拡張型心筋症	5
慢性心不全	5
シャント機能不全	5
胃部分切除	5
鎖骨骨折	5
食道静脈瘤	5
総コレステロール増加	5
左側鼡径ヘルニア	5
下肢脱力	5
膝関節形成	5
血管確保部位感染	5
子宮頚管ポリープ	5
シャント閉塞	5
静脈穿刺部位発赤	5
頻尿	5
脂漏性湿疹	5
心臓弁膜症	5
下肢蜂巣炎	5
魚介類アレルギー	5
上腕骨骨折	5
末梢動脈閉塞	5
頚椎症	5
黄斑変性	5
頭部損傷	5
上肢痛	5
糖尿病性壊疽	5
腎結石除去	5
気分不良	5
黄斑浮腫	5
歯周病	5
経皮的冠インターベンション	5
血清クレアチニン増加	5
子宮内膜ポリープ	5
義歯不具合	5
吐き気	5
汎網膜光凝固	5
ＭＲＩ	5
頭皮そう痒	5
血管穿刺部位そう痒感	5
非承認の適応に対する薬剤投与	5
胃新生物	5
糖尿病性末梢性ニューロパチー	5
感染	5
良性発作性頭位性回転性めまい	5
胃潰瘍外科手術	5
乳腺症	5
心室性期外収縮	5
足指のしびれ感	5
血中アルカリホスファターゼ高値	5
眼内レンズ挿入眼	5
ＡＰＴＴ増加	5
変形性腰椎症	5
急性心不全	5
かすみ目	5
下肢錯感覚	5
腎機能悪化	5
卵巣腫大	5
大動脈解離	5
眼のそう痒感	5
深部静脈血栓症	5
咽頭炎	5
痰	5
頻脈	5
疼痛	5
バセドウ病	5
卵巣嚢腫	5
帯状疱疹皮膚炎	5
そう痒性皮疹	5
全身性発疹	5
出血ＮＯＳ	5
頚肩腕症候群	5
橈骨骨折	5
頚部硬直	5
細菌感染	5
ＧＯＴ増加	5
爪破損	5
下肢深部静脈血栓症	5
眼乾燥	5
片側感覚鈍麻	5
漿液性網膜剥離	5
高カルシウム血症	5
肝炎	5
静脈穿刺部位出血	5
腟カンジダ	5
子宮頚部上皮異形成	5
乳房緊満	5
頚動脈ステント挿入	5
心原性脳塞栓症	5
Ｈｂ減少	5
腰痛症	5
胃粘膜びらん	5
膝痛	5
アミラーゼ高値	5
腹部膨満	5
脳幹梗塞	5
足錯感覚	5
膵嚢胞	5
甲状腺腫	5
中心性漿液性網膜症	5
心房血栓症	5
アレルギー性皮膚炎	5
尿中ウロビリノーゲン増加	5
白血球増加	5
ステント装着	5
下肢麻痺	5
出血性梗塞	5
肝障害	5
湿性加齢黄斑変性	5
食欲不振	5
手根管減圧術	5
胃痛	5
甲状腺機能亢進症	5
人工肛門	5
乾燥性湿疹	5
神経鞘腫	5
糖尿病性ニューロパチー	5
血中乳酸脱水素酵素高値	5
手指の骨折	5
眼瞼腫脹	5
眼精疲労	5
尿変色	5
副甲状腺機能亢進症	5
落屑性皮疹	5
リウマチ	5
咽喉頭炎	5
不全片麻痺（右）	5
十二指腸潰瘍修復	5
胃腸症状ＮＯＳ	5
心窩部痛	5
腎盂の悪性新生物	5
慢性膵炎	4
プロトロンビン時間短縮	4
Ｂ型肝炎キャリアー	4
上肢創傷	4
副腎摘除	4
意識レベルの低下	4
脛骨骨折	4
イレウス	4
低カリウム血症	4
むち打ち損傷	4
痙攣	4
耳下腺腫瘍	4
静脈瘤	4
外傷性骨折	4
肺高血圧症増悪	4
創傷感染	4
血栓除去	4
頻回心室応答を伴う心房細動	4
第一度房室ブロック	4
感冒症状	4
アルコール摂取	4
変形性関節症	4
飛蚊症	4
子宮頚部上皮内癌	4
好中球増加	4
咳嗽増悪	4
急性虫垂炎	4
皮膚損傷	4
多発性関節痛	4
メニエール病	4
尺骨骨折	4
気管支拡張症	4
再発結腸直腸癌	4
労作性呼吸困難	4
鼓腸	4
カテーテル留置部位感染	4
食欲低下	4
手首痛	4
腕の浮腫	4
顔面乳頭腫	4
頚動脈閉塞	4
後腹膜新生物	4
穿刺部位出血	4
眼脂	4
肺胞出血	4
胃腸潰瘍予防	4
根治的腎摘除	4
膀胱炎	4
認知症増悪	4
胃食道逆流	4
膵新生物	4
発声困難	4
脊髄硬膜外血腫	4
肩関節痛	4
薬効不十分	4
慢性副鼻腔炎	4
筋膿瘍	4
月経困難症	4
胃もたれ感	4
消化異常症状	4
胃十二指腸潰瘍	4
人工股関節置換	4
慢性腎不全増悪	4
乳頭痛	4
栄養障害	4
人工膝関節全置換	4
骨盤転移	4
顔面紅斑	4
口腔内不快感	4
網膜裂孔	4
爪床出血	4
右半結腸切除	4
乳頭様甲状腺癌	4
呼吸不全	4
第三度房室ブロック	4
四肢痙攣	4
角化症	4
精巣新生物	4
皮膚感染	4
ヘモグロビンＡ１Ｃ増加	4
心臓弁置換	4
皮膚腫瘍	4
肺腺癌	4
甲状腺障害	4
両側白内障	4
不正子宮出血	4
癌の家族歴	4
胸部不快感	4
子宮後傾	4
丘疹	4
静脈瘤手術	4
皮膚腫瘤	4
潰瘍性胃炎	4
下肢筋力低下	4
転移部骨痛	4
陰嚢水瘤	4
結腸憩室	4
喘息増悪	4
末梢循環障害	4
外陰部そう痒	4
限局性温感	4
便潜血陽性	4
下肢静止不能症候群	4
皮膚血管腫	4
右膝痛	4
乳房痛	4
嚥下障害	4
体位性めまい	4
手の痛み	4
膵頭十二指腸切除術	4
点状出血	4
透析	4
皮脂欠乏性皮膚炎	4
骨新生物	4
ＣＡＢＧ	4
乾皮症	4
発作性頻脈	4
フィブリンＤダイマー増加	4
突発性難聴	4
動注化学療法	4
右側鼡径ヘルニア	4
外陰部カンジダ	4
結石性胆嚢炎	4
急性硬膜下血腫	4
小脳梗塞	4
下腹部痛	4
高アンモニア血症	4
肺葉切除	4
手の痙攣	4
根尖性歯周炎	4
パーキンソン病	4
切開部位痛	4
慢性湿疹	4
出血性貧血	4
脂肪組織増加	4
Ｃ－反応性蛋白検査結果高値	4
脂漏性角化症	4
僧帽弁逆流	4
喉頭癌	4
神経症	4
手皮疹	4
低血圧	4
インフルエンザ	4
白内障増悪	4
髄膜腫	4
喘息	4
多発性脳梗塞	4
尿道炎	4
じん肺症	4
皮膚落屑	4
足底角化症	4
ＡＰＴＴ延長	4
腎不全	4
心臓アブレーション	4
低リン酸血症	4
骨盤骨折	4
肝機能異常	4
フォンヒッペル・リンダウ病	4
涙液分泌低下	4
好酸球数増加	4
アミロイド関節症	4
挫創	4
手根管症候群	4
全身性そう痒症	4
尋常性疣贅	4
流涙	4
冷感	4
全身状態低下	4
卵巣癌	4
胃癌第２期	4
頭部ふらつき感	4
植物アレルギー	4
皮膚不快感	4
網膜色素上皮の漿液性剥離	4
大腸出血	4
更年期障害	4
腸壁嚢状気腫症	4
虫刺傷	4
足部不快感	4
心窩部不快感	4
ほてり	4
多嚢胞性卵巣	4
ヘモグロビン減少	4
腹部大動脈瘤	4
腎性貧血	4
殿部痛	4
皮膚転移	4
再発脳梗塞	4
慢性呼吸不全	4
ＬＤＬコレステロール増加	4
アレルギー反応	4
腸骨動脈瘤	4
高血圧性腎疾患	4
頭重	4
肝腫瘍	4
中大脳動脈狭窄	4
放射線性肺臓炎	4
脈絡膜血管新生	4
頚部リンパ節郭清	4
近視性脈絡膜血管新生	4
自然気胸	4
咽頭そう痒感	4
ＤＩＣ	4
発疹部感染	4
皮膚反応	4
食道不快感	4
顔面神経麻痺	4
顔面腫脹	4
中大脳動脈梗塞	4
骨挫傷	4
皮膚障害	4
痔核	4
上肢の単麻痺	4
腕の腫脹	4
上気道の炎症	4
リン酸塩減少	4
鼡径ヘルニア	4
睡眠時無呼吸症候群	4
肺動脈血栓症	4
皮膚びらん	4
動眼神経麻痺	4
いぼ状胃炎	4
ポリープ切除	4
大動脈弁置換	4
ＢＵＮ増加	4
適応外使用	4
擦過傷	4
大動脈弁閉鎖不全	4
口腔内出血	4
意識消失	4
創部そう痒	3
胃腸潰瘍	3
薬剤性潰瘍予防	3
血管偽動脈瘤破裂	3
高ビリルビン血症	3
Ｂ型肝炎	3
創傷治癒遅延	3
ナトリウム減少	3
肺気腫	3
左下腹部痛	3
視床梗塞	3
ＬＤＨ増加	3
網膜動脈分枝閉塞	3
網膜症	3
自律神経失調	3
サイログロブリン増加	3
赤血球増加症	3
高アルカリホスファターゼ血症	3
脳卒中	3
血性腟分泌物	3
指尖表皮剥脱	3
関節痛	3
膵神経内分泌腫瘍	3
末梢性浮腫増悪	3
腹膜炎	3
非定型抗酸菌症	3
ＣＫ増加	3
皮下組織膿瘍	3
傾眠	3
膀胱出血	3
頭痛増悪	3
網膜剥離修復	3
起立不能	3
近視	3
胃潰瘍予防	3
腱鞘炎	3
透析ライン中血液凝固	3
膵炎	3
心臓内血栓	3
大動脈弁狭窄および閉鎖不全	3
手掌剥脱	3
アレルギー性皮膚反応	3
蓄膿	3
拡張期血圧上昇	3
腎炎	3
身体浮遊感	3
自己免疫性肝炎	3
経カテーテル動脈塞栓術	3
口腔内痛	3
四肢重感	3
総胆管結石	3
骨髄炎	3
躁うつ病	3
浮遊感	3
ＡＬＴ高値	3
Ｂ型インフルエンザウイルス感染	3
第４腰椎すべり症	3
口腔内扁平上皮癌	3
体循環肺動脈シャント	3
皮膚症状	3
月経遅延	3
石綿肺症	3
咽喉頭異物感	3
僧帽弁狭窄症	3
振戦	3
眼出血	3
尿異常	3
抗リン脂質抗体症候群	3
メニエール症候群	3
尿酸値上昇	3
萎縮腎	3
胸部Ｘ線異常	3
ジベルばら色粃糠疹	3
食道裂孔ヘルニア	3
頭部脂漏性皮膚炎	3
咽頭絞扼感	3
詳細不明のメニエール病	3
網膜色素上皮裂孔	3
ＩＵＤ腹腔内迷入	3
顔面潮紅	3
下肢切断	3
反射減弱	3
誤った経路での薬剤投与	3
脾嚢胞	3
注射部位内出血	3
足の挫傷	3
肝酵素上昇	3
ＷＢＣ増加	3
反回神経麻痺	3
胸部腫瘤ＮＯＳ	3
冠動脈ステント挿入	3
尿路感染	3
メレナ	3
卵巣茎捻転	3
感覚ニューロパチー	3
萎縮性胃炎	3
脳血管動静脈奇形	3
アルコール性肝疾患	3
抑うつ気分	3
羞明	3
心臓瘤修復	3
後発白内障	3
舌痛	3
胆嚢癌	3
ヘマトクリット値低下	3
発赤	3
背部熱傷、程度不明（部位を限定しない）	3
脾破裂	3
血栓塞栓症予防	3
ＨＤＬコレステロール増加	3
陳旧性心筋梗塞	3
尿管癌	3
脳内動脈瘤クリッピング	3
指の腫脹	3
消化不良	3
ニューロパチー	3
舌癌	3
口渇	3
黄斑部出血	3
バレット食道	3
眼瞼皮膚炎	3
回腸潰瘍	3
精神障害	3
毛髪色素脱失	3
ヘモグロビン低値	3
甲状腺の良性新生物	3
眼瞼下垂	3
出血傾向	3
胸部大動脈瘤修復	3
横行結腸癌	3
鼡径部感染	3
腕裂傷	3
骨手術	3
透析不均衡症候群	3
肩回旋筋腱板損傷	3
迷路性回転性めまい	3
カテーテル留置部位疼痛	3
大腸炎	3
恒久的心臓ペースメーカー植込み	3
潮紅	3
ＩＵＤ脱出	3
内耳障害	3
食物アレルギー	3
低血糖反応	3
膝関節炎	3
耳そう痒症	3
歯肉炎	3
結腸穿孔	3
四肢壊死	3
プロテインＳ減少	3
偽動脈瘤	3
急性間質性肺臓炎	3
腎尿管切除	3
腎盂腎炎	3
嵌入爪	3
肝膿瘍	3
中足骨骨折	3
心筋症	3
乳汁漏出症	3
静脈圧上昇	3
大脳静脈血栓症	3
子宮腺筋症	3
腎腫瘍摘除	3
冠動脈硬化症	3
Ａ型インフルエンザウイルス感染	3
譫妄	3
舌のしびれ感	3
不眠	3
前増殖糖尿病網膜症	3
Ｔ波平低化	3
アルカリホスファターゼ増加	3
口内のあれ	3
関節部不快感	3
血中アミラーゼ増加	3
シェーグレン症候群	3
手首関節骨折	3
尿素高値	3
手部の部位不明の熱傷、程度不明	3
放射線性皮膚炎	3
変形性肘関節症	3
顔面裂傷	3
十二指腸癌	3
薬剤の不適切な噛み砕き	3
趾の挫傷	3
腫瘤切除	3
憂うつ感	3
浮腫増悪	3
帝王切開	3
胼胝	3
悪臭尿	3
頚椎部脊髄損傷	3
膿痂疹	3
チアノーゼ	3
陰部そう痒	3
血清ナトリウム減少	3
水腎症	3
そう痒症	3
アンモニア増加	3
腎出血	3
過少月経	3
結腸出血	3
後縦靱帯骨化症	3
鎖骨下動脈狭窄	3
起立性低血圧	3
アレルギー	3
食欲亢進	3
出血性小腸潰瘍	3
中大脳動脈瘤	3
悪寒	3
ヨウ素アレルギー	3
眼の違和感	3
硬膜外血腫	3
リンパ節腫脹	3
無消退出血	3
トリコモナス性腟炎	3
皮膚紅斑	3
クレアチニン・クリアランス減少	3
摂食障害	3
腸イレウス	3
尿糖陽性	3
脳血管発作予防	3
心房中隔欠損症	3
プロトロンビン活性低下	3
パーキンソン病の増悪	3
ラジオ波焼灼療法	3
筋断裂	3
胃全摘	3
高リン酸塩血症	3
濾胞性甲状腺癌	3
びまん性表層角膜炎	3
胆石	3
耳出血	3
足関節の挫傷	3
頚部リンパ節炎	3
関節水症	3
胆嚢結石	3
甲状腺腫瘍	3
発疹増悪	3
脳浮腫	3
血便排泄	3
硬膜下血腫除去	3
皮膚疼痛	3
Ｃ型肝炎ウイルス検査陽性	3
静脈瘤破裂	3
結腸直腸癌	3
全身性エリテマトーデス	3
原因不明の死亡	3
製品包装の問題	3
回転性めまい	3
横紋筋融解症	3
ＰＴＨ高値	3
根治的膀胱摘除	3
上肢筋力低下	3
線維筋痛	3
足の痙攣	3
尿蛋白増加	3
網膜下出血	3
慢性中耳炎	3
転倒	3
末梢性浮腫	3
中大脳動脈塞栓症	3
膿皮症	3
腹部腫瘤	3
水疱性皮疹	3
子宮内膜症	3
母趾骨折	3
膝関節靱帯損傷	3
手指落屑	3
脳梗塞後遺症	3
心電図ＳＴ－Ｔ部分異常	3
網膜血管閉塞	3
出血性十二指腸潰瘍	3
外陰部腟カンジダ	3
痒疹	3
アトピー性皮膚炎増悪	3
腎新生物	3
結腸憩室症	3
入眠障害	3
口唇のしびれ感	3
心房中隔欠損修復	3
肘の挫傷	3
胃食道静脈瘤	3
副腎機能不全	3
ＣＡ１２５増加	3
顔面痛	3
膝損傷	3
全身多剤併用化学療法	3
感染性嚢腫	3
意義不明異型扁平上皮細胞	3
リンパ球数減少	3
多形紅斑	3
小脳出血	3
子宮出血	3
智歯抜歯	3
眼外傷	3
大脳基底核出血	3
心疾患	3
閉塞性睡眠時無呼吸症候群	3
白血球数増加	3
被殻出血	3
結腸ポリープ	3
好中球数減少	3
術後感染	3
副甲状腺手術	3
経尿道的膀胱腫瘍切除	3
症候性てんかん	3
抑うつ症状	3
慢性気管支炎	3
アンチトロンビンＩＩＩ欠乏症	3
子宮全摘	3
紅色丘疹性皮疹	3
肝臓うっ血	3
甲状腺葉切除術	3
処置後痛	3
胸椎圧迫骨折	3
腎嚢胞出血	3
敗血症性ショック	3
大脳塞栓症	3
声帯ポリープ切除	3
副甲状腺摘出	3
心房細動悪化	3
霰粒腫	3
薬剤誘発性肝疾患	3
膵臓障害	3
急性骨髄性白血病	3
耳垢栓塞	3
口唇上皮剥脱	3
評価不能の治療	3
パーキンソン症候群	3
中耳炎	3
片側性腎結石	3
耳閉感	3
眼瞼炎	3
肩の石灰化腱炎	3
出血性直腸潰瘍	3
カテーテル留置部位出血	3
甲状腺機能低下	3
狭心症増悪	3
再発直腸癌	3
糖尿病性水疱	3
高コレステロール血症	3
事故	3
左眼白内障	3
腰椎骨折	3
下咽頭癌	3
黄斑上膜	3
暗点	3
女性化乳房	3
不眠症	3
貝類アレルギー	3
肺障害	3
筋炎	3
肌あれ	3
消化器新生物	3
尿路結石	3
不全片麻痺（左）	3
発作性心房頻脈	3
軟便	3
注射部位炎症	2
胸内苦悶感	2
動脈閉塞	2
血中リン増加	2
慢性閉塞性肺疾患	2
喉頭不快感	2
腫瘍疼痛	2
腸間膜動脈塞栓	2
注射部位腫脹	2
カンジダ検査陽性	2
冠動脈狭窄	2
十二指腸新生物	2
感染性胃腸炎	2
性交後出血	2
膿胸	2
耳不快感	2
アキレス腱痛	2
結膜浮腫	2
再発腎癌	2
フィブリノゲン増加	2
過敏性腸症候群	2
キャッスルマン病	2
医療機器関連感染	2
血小板数増加	2
卵巣類皮嚢胞腫	2
下肢の動脈瘤	2
乾性咳嗽	2
薬剤誘発性肝炎	2
左脚前枝ブロック	2
アレルギー性蕁麻疹	2
一過性脳虚血	2
閉経後骨粗鬆症	2
感染性湿疹	2
ＢＵＮ減少	2
卵巣嚢腫茎捻転	2
中枢神経障害性疼痛	2
膝蓋骨骨折	2
ナトリウム増加	2
皮膚有棘細胞癌	2
血栓性脳梗塞	2
ホルモン補充療法	2
網膜ドルーゼン	2
浮腫性紅斑	2
月経周期短縮	2
カリウム増加	2
血管インプラント感染	2
遷延性月経過多	2
血清アミラーゼ増加	2
血中クレアチンホスホキナーゼ増加	2
末梢循環不全	2
喉のつまり感	2
咽頭内薬剤残留	2
血清尿酸増加	2
シャント感染	2
外陰部膿瘍	2
下肢神経痛	2
眼内異物	2
顔面麻痺	2
突然死ＮＯＳ	2
疲れ目	2
毛髪成長減退	2
人工大腿骨頭置換	2
副甲状腺ホルモン高値	2
子宮頚管炎	2
血清無機リン酸塩減少	2
月経延長	2
頚動脈血栓症	2
食道出血	2
嘔吐予防	2
一過性意識消失	2
高眼圧症	2
劇症肝炎	2
尿酸高値	2
外陰部湿疹	2
感染性脊椎炎	2
乳腺腫瘤	2
外痔核	2
睫毛乱生	2
全身のしびれ感	2
胆嚢炎	2
遊離Ｔ４増加	2
肺塞栓症	2
出血性卒中	2
悲哀感	2
松果体新生物	2
完全右脚ブロック	2
卵巣胚細胞奇形腫	2
左膝痛	2
月経前症候群	2
小水疱性湿疹	2
黄斑円孔	2
肛門びらん	2
日光皮膚炎	2
前腕の挫傷	2
ルリーシュ症候群	2
利尿	2
耳管狭窄	2
不全麻痺	2
慢性胃炎	2
血管性認知症	2
視野欠損	2
肺線維症	2
無月経	2
弾発指解離	2
エナメル質形成不全	2
総胆管拡張症	2
斑状丘疹状皮疹	2
総蛋白低値	2
甲状腺低分化癌	2
上室性期外収縮	2
腰部疲労感	2
排尿痛	2
悪性線維性組織球腫	2
原発性胆汁性肝硬変	2
尿中アミラーゼ増加	2
凝固第ＸＩ因子量減少	2
シャント瘤	2
循環系の障害	2
網膜静脈血栓症	2
異常便	2
総蛋白増加	2
眼障害ＮＯＳ	2
経口避妊薬服用後の消退出血	2
心突然死	2
注射部位硬結	2
好酸球百分率増加	2
小脳橋角部腫瘍	2
単クローン性免疫グロブリン血症	2
湿疹性皮膚炎	2
腎萎縮	2
カルシウム増加	2
着色尿	2
ＰＳＡ増加	2
多発性嚢胞腎	2
経口避妊薬服用中の妊娠	2
赤色便	2
ＧＦＲ減少	2
嵌頓鼡径ヘルニア	2
不安感	2
甲状腺髄様癌	2
手掌紅斑	2
齲歯増悪	2
アレルギーＮＯＳ	2
大動脈弁逆流症	2
腸瘻閉鎖	2
細菌性腹膜炎	2
肝臓痛	2
咽頭転移	2
脳内動脈瘤手術	2
ＩＵＤ部分脱出	2
輸血	2
ざ瘡様皮疹	2
機能性胃腸障害	2
小結節	2
腎性骨異栄養症	2
マイコバクテリウム・アビウムコンプレックス感染	2
クレアチニン高値	2
腋窩大腿動脈バイパス	2
腓骨神経麻痺	2
痔核硬化療法	2
舌乾燥	2
不安定狭心症	2
ＣＡ１９－９増加	2
鼻汁	2
白血球減少	2
トロンビン・アンチトロンビンＩＩＩ複合体増加	2
咽頭閉塞感	2
裂肛	2
左心耳血栓症	2
髄膜炎	2
高トリグリセリド血症	2
湿疹増悪	2
門脈シャント	2
落屑	2
緑内障増悪	2
化膿性関節炎	2
大動脈弁閉鎖不全症	2
咬刺傷	2
副作用	2
尿道カテーテル留置	2
術野の出血	2
しびれ感	2
熱傷	2
肉眼的血尿	2
レンサ球菌感染後糸球体腎炎	2
気管切開部位出血	2
老人性そう痒症	2
下痢増悪	2
骨盤痛	2
甲状腺未分化癌	2
変形性肩関節症	2
静脈奇形	2
爪変色	2
ＣＯＰＤ	2
下大静脈血栓症	2
門脈血栓症	2
めまい増悪	2
感覚鈍麻	2
不安	2
血管確保部位疼痛	2
胃ポリープ出血	2
ＩＮＲ減少	2
白血球増加症	2
統合失調症	2
変形性足関節症	2
基底細胞癌	2
爪甲剥離症	2
心室中隔欠損症	2
経皮的エタノール注入療法	2
さむけ	2
乾燥症	2
非小細胞肺癌	2
水分過剰	2
橋梗塞	2
腎結核	2
心臓ペースメーカー置換	2
動脈閉塞性疾患	2
アルコール依存症候群	2
手異常感覚	2
涙管炎症	2
頚動脈アテローム	2
右眼白内障	2
ＧＧＴ増加	2
悪性関節リウマチ	2
白血球数低値	2
感染性腸炎	2
眼窩周囲浮腫	2
臍周囲痛	2
盲腸手術	2
咽頭違和感	2
糖尿病増悪	2
過眠症	2
下部消化管出血	2
軟部組織新生物	2
黄斑前膜	2
本態性高血圧症	2
脂肪腫切除	2
尿中ビリルビン増加	2
胸部大動脈瘤、破裂性	2
三尖弁閉鎖不全症	2
動脈瘤破裂	2
亜イレウス	2
胃過形成性ポリープ	2
リン酸塩増加	2
アレルギー性鼻炎結膜炎	2
手の腫脹	2
骨髄異形成症候群	2
ビタミンＢ１２欠乏性貧血	2
外傷後疼痛	2
末梢神経障害性疼痛	2
中咽頭癌	2
球結膜下出血	2
Ａ型肝炎	2
手関節腫脹	2
足指剥脱	2
右膝関節腫脹	2
頭蓋内静脈洞血栓症	2
熱疲労	2
老衰	2
子宮穿孔	2
蛋白尿増悪	2
網膜血管新生	2
急性副鼻腔炎	2
マイボーム腺炎	2
細菌性肺炎	2
腎嚢胞感染	2
フィブリンＤダイマー異常	2
指切断	2
性器びらん	2
慢性Ｂ型肝炎	2
僧帽弁置換	2
椎間板ヘルニア	2
僧帽弁逸脱	2
過長月経	2
引っかき傷	2
胃不調	2
関節のガングリオン	2
月経不順	2
膝骨折	2
外陰部炎	2
腫瘍破裂	2
間接ビリルビン増加	2
第６肋骨骨折	2
不全片麻痺	2
金属アレルギー	2
胃静脈瘤	2
心不全増悪	2
穿刺部位腫脹	2
結腸狭窄	2
リンパ球百分率減少	2
アナフィラキシーショック	2
性欲減退	2
舌出血	2
後腹膜血腫	2
脂肪織炎	2
四肢熱感	2
悪液質	2
喘息発作重積	2
同名性半盲	2
口腔粘膜炎	2
片頭痛増悪	2
甲状腺刺激ホルモン高値	2
良性前立腺肥大	2
下肢ほてり感	2
肝障害増悪	2
麻痺	2
舌発赤	2
大腸潰瘍	2
子宮摘出	2
リンパ浮腫	2
良性発作性体位性回転性めまい	2
処置後不快感	2
動脈出血	2
痙攣発作	2
第１腰椎骨折	2
皮膚癌	2
期限切れの薬剤使用	2
胸郭出口症候群	2
魚アレルギー	2
月経欠如	2
大脳基底核梗塞	2
静脈閉塞	2
ＩＵＤ埋没	2
腟出血	2
変色便	2
甲状腺石灰化	2
経皮的血管形成	2
洞性頻脈	2
椎間板腔狭窄	2
胸腺腫	2
半月板損傷	2
血糖コントロール不良	2
胃穿孔修復	2
胃腸毛細血管拡張症	2
視覚異常	2
痙攣性発作	2
筋損傷	2
脚の挫傷	2
黄疸	2
股関節痛	2
心電図ＱＴ補正間隔延長	2
血圧高値	2
硝子体混濁	2
プロテインＣ増加	2
手関節捻挫	2
正色素性正球性貧血	2
フィブリンＤダイマー高値	2
永続性心房細動	2
心室性頻脈	2
情動不安定	2
大脳塞栓	2
穿孔性胃潰瘍	2
小腸出血	2
ホルモン失調	2
放射性ヨウ素療法	2
上腹部痛	2
片側腎動脈狭窄	2
常染色体優性多発性嚢胞腎	2
錠剤糞便中排出	2
眼瞼痙攣	2
術後創感染	2
硬膜下血腫	2
腹膜播種	2
意識混濁	2
肥厚性硬膜炎	2
舌の異常な感覚	2
徐脈頻脈症候群	2
上腕の挫傷	2
腸管ポリープ出血	2
下肢創傷	2
直腸出血	2
心カテーテル検査	2
乱視	2
低温熱傷	2
動脈石灰化	2
神経因性膀胱	2
憩室炎	2
宿酔	2
再発性胃潰瘍	2
ＡＶブロック	2
色素沈着	2
滲出性中耳炎	2
硝子体出血	2
ヘルペス性皮膚炎	2
慢性疾患の貧血	2
皮膚良性新生物	2
コントロール不良の糖尿病	2
顔面の錯感覚	2
悪心増悪	2
脱水	2
総蛋白減少	2
大動脈瘤	2
血液分布異常性ショック	2
涙嚢炎	2
蕁麻疹様皮疹	2
喀痰喀出困難	2
膵転移	2
副甲状腺機能低下症	2
開頭	2
鎖骨下静脈血栓症	2
閃輝性融解	2
注射部位反応	2
大動脈狭窄	2
石灰沈着性関節周囲炎	2
自己免疫性膵炎	2
リンパ管筋腫症	2
運動性失語症	2
細菌性腟炎	2
びらん性胃炎	2
肋間神経痛	2
脳血腫	2
横静脈洞血栓症	2
赤血球減少	2
耳下腺腫脹	2
嗅覚過敏症	2
人工血管移植	2
食道アカラシア	2
胃腸炎	2
ネコ咬傷	2
性交後疼痛	2
肛門出血	2
腎不全増悪	2
体重減少	2
尿管結石除去	2
くしゃみ	2
乾性角結膜炎	2
黒舌	2
後腹膜転移	2
脳腫瘍手術	2
男性性器皮疹	2
カルチノイド腫瘍	2
味覚異常	2
足骨折	2
血小板増加	2
化膿	2
ポリープ状脈絡膜血管症	2
網膜色素上皮萎縮	2
慢性腎臓病第３期	2
急性湿疹	2
肝機能低下	2
大腸ポリープ	2
大腿骨転子部骨折	2
喀痰増加	2
記憶減退	2
背部不快感	2
高ＬＤＬコレステロール血症	2
脊椎圧迫骨折	2
眼部手術	2
尿臭異常	2
足裂傷	2
耳痛	2
椎骨動脈狭窄	2
点状表層角膜炎	2
肺動脈性肺高血圧症	2
肘部管症候群	2
注射部位疼痛	2
胆汁うっ滞性肝障害	2
外側上顆炎	2
下腿浮腫	2
卵巣炎	2
歯肉腫脹	2
ビタミンＢ群欠乏	2
外陰部腟カンジダ症	2
ほてり感	2
心室血栓症	2
急性胃腸炎	2
腎症	2
肋骨痛	2
大腸腺腫	2
関節石灰化	2
歯根膜炎	2
動静脈シャント手術	2
手足のこわばり	2
インターフェロン療法	2
こわばり感	2
ＡＰＴＴ減少	2
四肢挫傷	2
コレステロール高値	2
真珠腫	2
肺小結節	2
単腎	2
回腸肛門吻合	2
処置による低血圧	2
腟分泌物	2
脳血栓症	2
副腎腫瘤	2
尿毒症	2
高血圧エピソード	2
膿疱性皮疹	2
調節障害	2
無症候性心筋虚血	2
Ｓ状結腸軸捻転	2
咽頭癌	2
大動脈人工血管代替	2
リウマチ性多発筋痛	2
痂皮	2
爪変形	2
腸管癒着	2
乳腺炎	2
難聴	2
歯髄炎	2
全身紅斑	2
脂質代謝障害	2
顔面痙攣	2
腕蜂巣炎	2
腸間膜動脈血栓症	2
回盲部潰瘍	2
網膜色素変性	2
尿ウロビリノーゲン陽性	2
顔面皮疹	2
虚血性腸炎	2
造影剤アレルギー	2
皮膚炎ＮＯＳ増悪	2
卵巣良性腫瘍	2
Ｔ３減少	2
鼻中隔弯曲修復	2
事故による外傷	2
僧帽弁石灰化	2
癌性悪液質	2
肝内胆管癌	2
ペニシリンアレルギー	2
炎症後色素沈着変化	2
子宮内膜症組織アブレーション	2
血栓塞栓症	2
アスペルギローマ	2
乳房新生物	2
精神運動興奮	2
房室ブロック	2
四肢振戦	2
消化管アミロイドーシス	2
プラスミノーゲン活性亢進	2
慢性肝炎	2
全身痙攣	2
瘢痕ヘルニア	2
肺疾患	2
Ｓ状結腸ポリープ	2
半月板障害	2
舌変色	2
不穏	2
手の損傷ＮＯＳ	2
陰茎痛	2
扁桃炎	2
ループス腎炎	2
暗色皮膚	2
甲状腺機能検査異常	2
下肢損傷	2
末梢神経炎	2
腹部感染	2
複視	2
性交疼痛	2
肩関節炎	2
アキレス腱炎	2
トリグリセリド高値	2
卵巣転移	2
円形脱毛症	2
声帯ポリープ	2
背部の挫傷	2
関節硬直	2
骨盤内感染	2
マロリー・ワイス症候群	2
術中出血	2
おくび	2
急性扁桃炎	2
うっ滞性皮膚炎	2
アレルギー性結膜炎	2
肛門の炎症	2
肘出血性関節症	2
胃瘻造設術	2
吐血	2
慢性骨髄性白血病	2
潰瘍性大腸炎	2
卵管水腫	2
線維症	2
子宮内胎児死亡	2
腸管運動障害	2
子宮内膜癌	2
ウェゲナー肉芽腫症	2
大腿部の挫傷	2
薬物中毒予防	2
もの忘れ	2
凍結療法	2
橋本病	2
感染性眼内炎	2
慢性歯根歯周炎	2
静脈狭窄	2
全身性浮腫	2
肝不全	2
化学物質アレルギー	2
卵巣子宮摘出	2
頚部痙攣	2
薬剤誘発性過敏症症候群	2
右上肢痛	2
乾癬	2
副甲状腺腺腫	2
あざ	2
血液透析時血栓予防	2
腓骨骨折	2
多発性関節炎	2
脳底動脈瘤	2
下肢動脈血栓症	2
Ｃ型肝炎キャリアー	2
反応性穿孔性膠原線維症	2
尖圭コンジローマ	2
縦隔新生物	2
呼吸器感染	2
踵骨骨折	2
ＣＴ血管造影	2
表在性異物	2
腟びらん	2
眼瞼障害	2
凝固亢進	2
男性型多毛症	2
リハビリテーション療法	2
外反母趾	2
音声低音化	2
尿道カルンクル	2
下肢血栓性静脈炎	2
Ｓ状結腸切除	2
肛門湿疹	2
慢性肝疾患	2
異物誤嚥	2
眼のちらつき	2
夜間譫妄	2
特発性肺動脈性肺高血圧症	2
不安神経症	2
肛門不快感	2
腋窩リンパ節腫大	2
交通事故	2
顔面のしびれ感	2
骨壊死	2
便臭異常	2
片側性手根管症候群	2
冠動脈攣縮	2
巨赤芽球性貧血	2
肺血栓症	2
ヘルペス後神経痛	2
薬剤溶出性ステント装着	2
幽門狭窄	2
口内乾燥	2
Ｅ型肝炎	2
冠動脈形成	2
末梢血管障害	2
クレアチンホスホキナーゼ増加	2
失神	2
慢性心不全増悪	2
骨折	2
ニューモシスチス・カリニ肺炎	2
大腿膝窩動脈バイパス	2
ベーカー嚢腫	2
脊椎ヘルニア	2
子宮頚部癌第０期	2
外科手術	2
角結膜炎	2
眼振	2
腹部損傷	2
クレアチンキナーゼＭＢ増加	2
鶏眼	2
血中アルカリホスファターゼ異常	2
舌ピリピリ感	2
低比重リポ蛋白コレステロール高値	2
移植血管閉塞	2
胸膜転移	2
脊髄血腫	2
暗色吐物	2
手足のピリピリ感	2
イヌ咬傷	2
蜂巣炎	2
胆管ステント挿入	2
筋力低下	2
視野狭窄	2
経口摂取減少	2
死亡ＮＯＳ	2
破裂性脳動脈瘤	2
誤嚥	2
頚部損傷	2
嘔吐増悪	2
両下肢痛	2
膿疱性乾癬	2
血中トリプシン増加	2
結腸手術	2
関節腫脹	2
骨痛	2
角膜炎	2
カルシウム減少	2
急性緑内障	2
中毒疹	2
翼状片	2
口唇水疱	2
急性腰痛症	2
肘滑液包炎	2
ＰＴＨ異常	2
続発性緑内障	2
大腿深部静脈血栓症	2
眼底動脈硬化症	2
全身性皮疹	2
成人呼吸窮迫症候群	2
低酸素脳症	2
下垂体腫瘍	2
皮膚嚢腫	2
肝出血	2
筋膜炎	2
白血球数減少	2
血管穿刺部位出血	2
肩甲骨痛	2
ぶどう膜炎	2
線維腺腫	2
抗好中球細胞質抗体陽性血管炎	2
足指壊疽	2
ＡＳＴ高値	2
滑液包炎	2
膵仮性嚢胞	2
ＭＡＬＴリンパ腫	2
口唇出血	2
尋常性ざ瘡	2
拡張機能障害	2
脊柱損傷	2
特発性血小板減少性紫斑病	2
条虫感染	2
尿管結石	2
胃炎予防	2
ＩＵＤ移動	2
腕の挫傷	2
頚椎椎間板症	2
ＣＡＰＤ	2
胆石症	2
神経内分泌癌	2
感音性難聴	2
不眠症増悪	2
高血圧性心疾患	2
多嚢胞性卵巣症候群	2
口唇ヘルペス	2
熱感	2
手の浮腫	2
爪損傷	2
血糖減少	2
甲状腺摘除	2
頭蓋内出血	2
白内障	2
腺腫	2
胆嚢ポリープ	2
頚部リンパ節腫脹	2
卵巣摘除	2
左室機能不全	2
出血性嚢胞	2
腹部不快感	2
大腿骨頭虚血性壊死	2
結腸新生物	2
高アミラーゼ血症	2
胃静脈瘤出血	2
肺血栓塞栓症	2
放線菌症	2
会話障害	2
口角炎	2
痔核増悪	2
髄膜腫手術	2
皮膚ピリピリ感	2
頭部ＣＴ	2
クロール減少	2
膝関節捻挫	2
多血球症	2
粘膜出血	2
全身性斑状皮疹	2
起立性めまい	2
脳微小出血	2
大腿骨骨幹部骨折	2
皮膚真菌症	2
うつ病の増悪	2
耳の悪性新生物	2
ケロイド	2
紅皮症様薬疹	2
ビタミン補給	2
趾爪変色	1
インスリノーマ	1
心筋再梗塞	1
上肢機能不全	1
空間失見当識	1
胆道閉鎖症	1
鎮痛	1
期外収縮	1
周期性嘔吐症候群	1
本態性振戦	1
疾病増悪	1
血中レニン活性高値	1
筋転移	1
口腔内発疹	1
ヒト乳頭腫ウイルス性子宮頚管炎	1
尿中白血球増加	1
腸間膜静脈血栓症	1
ベル麻痺	1
肺炎増悪	1
環状肉芽腫	1
肝斑	1
器質化肺炎を伴う閉塞性細気管支炎	1
腎周囲血腫	1
先天性低γグロブリン血症	1
プロテーゼ関連感染	1
外傷後てんかん	1
グルテン過敏症	1
結節性紅斑	1
低血糖性痙攣	1
頚椎椎間板ヘルニア	1
関節周囲炎	1
心臓弁石灰化	1
尿黒変	1
間擦疹	1
食事性心窩部痛	1
疾患合併症	1
脈拍増加	1
嚢胞様黄斑浮腫	1
レヴィ小体型認知症	1
肛門周囲発赤	1
角膜出血	1
食道潰瘍	1
甲状腺シンチグラフィ	1
下肢異常感	1
乳房腫大	1
外転神経麻痺	1
腹部圧痛	1
精子減少症	1
ＣＥＡ増加	1
一酸化炭素中毒	1
殿部膿瘍	1
息切れ	1
異型肺炎	1
自律神経異常症	1
血中クレアチニン増加	1
腹部手術	1
胃腸粘膜障害	1
ホジキンリンパ腫	1
音響性外傷	1
膵頭部癌	1
慢性歯周炎	1
鼻腔ポリープ	1
造影剤ネフロパシー	1
ウィリアムス症候群	1
固定薬疹	1
精管閉塞	1
網膜血管血栓症	1
クラミジア性子宮頚管炎	1
ジスキネジア増悪	1
網膜下血腫	1
温熱性紅斑	1
顔面温感	1
卵巣癒着	1
細菌性角膜炎	1
閉塞性黄疸	1
新生血管加齢黄斑変性	1
異嗜症	1
ラノリンアレルギー	1
静脈炎	1
歯槽膿漏	1
乳腺嚢胞性疾患	1
全身健康状態低下	1
足の冷感	1
脾腫	1
胞隔炎	1
血清および血漿γグロブリン増加	1
深部解離性血腫	1
消化管びらん	1
機械性蕁麻疹	1
ミオクローヌス	1
咽頭結膜熱	1
小細胞肺癌	1
血管迷走神経性失神	1
血清カルシウム増加	1
カリウム減少	1
自家感作性皮膚炎	1
顔面神経麻痺増悪	1
半盲	1
血小板凝集低下	1
白斑	1
血栓性脳卒中	1
橋出血	1
聴神経鞘腫	1
尿中白血球陽性	1
筋緊張	1
慢性尿路感染	1
尿膜管の悪性新生物	1
急性蕁麻疹	1
開放隅角緑内障	1
下腹部仙痛	1
歯牙着色	1
脊椎結核	1
思春期早発症	1
ビタミンＤ異常	1
ネフローゼ	1
アキレス腱修復	1
精神障害ＮＯＳ	1
小脳動脈瘤	1
肢体不自由	1
ステロイド誘発性骨粗鬆症	1
肺膿瘍ドレナージ	1
無責任	1
ゴナドトロピン欠乏症	1
網膜動脈塞栓症	1
離人症	1
膝蓋骨骨折、開放性	1
動脈カテーテル挿入	1
上顎骨折	1
脳血管攣縮	1
妊娠中毒症	1
ショック	1
脳脊髄液シャント手術	1
骨障害	1
医療機器関連敗血症	1
豆類アレルギー	1
境界域高血圧	1
鼓膜紅斑	1
副甲状腺機能不全	1
子宮筋収縮亢進	1
好酸球増加症	1
肩甲骨骨折	1
腸穿孔	1
伝導障害	1
甲状腺腫切除	1
脳膿瘍	1
夜間頻尿	1
総ビリルビン異常	1
アレルギー性皮疹	1
指壊死	1
眼出血ＮＯＳ	1
血清総蛋白増加	1
牽引性網膜剥離	1
乳管拡張症	1
ウイルス性胃腸炎	1
Ｂ群β溶血性レンサ球菌陰性	1
遊走腎	1
顎痛	1
皮膚過敏症	1
眼瞼そう痒感	1
胆嚢穿孔	1
ビタミンＢ１２欠乏	1
血管腫	1
恥骨枝骨折	1
結腸全摘除	1
乳房不快感	1
低比重リポ蛋白コレステロール減少	1
先天性眼障害	1
心筋障害	1
左室肥大	1
慢性肺塞栓症	1
鼡径部血腫	1
アトピー性皮膚炎	1
基底細胞上皮腫	1
注射部位感染	1
オーバーラップ症候群	1
筋骨格硬直	1
股部白癬	1
高比重リポ蛋白コレステロール増加	1
手の骨折	1
γＧＴ増加	1
薬剤誘発性肝毒性	1
指の浮腫	1
声門血腫	1
易疲労感	1
スチール症候群	1
リンパ球数低値	1
直腸内異物	1
精巣発育不全	1
多発性関節症	1
宿便	1
味覚過敏	1
両眼失明	1
高血圧性腎症	1
腎静脈静脈瘤	1
血清カルシウム減少	1
黄体嚢胞出血	1
壊死性筋膜炎	1
動静脈瘻部位炎症	1
多発脳梗塞性認知症	1
肥満	1
口腔底癌	1
遺伝性感覚ニューロパチー	1
歯科インプラント埋込み	1
肝酵素異常	1
胸部灼熱感	1
月経性痙攣	1
チクチク感	1
初発老人性白内障	1
肝腎症候群	1
境界性パーソナリティ障害	1
埋込み部位出血	1
帯状感	1
内側上顆炎	1
過強子宮収縮	1
急性歯周炎	1
腎結石症	1
薬効低下	1
穿孔性十二指腸潰瘍	1
風疹性関節炎	1
注射部位変色	1
抗第ＶＩＩＩ因子抗体陽性	1
抜歯	1
血腫感染	1
炎症ＮＯＳ	1
意欲減退	1
陰性Ｔ波	1
肛門周囲出血	1
大動脈硬化症	1
皮膚書字覚消失	1
結腸憩室炎	1
随伴疾患進行	1
爪床の炎症	1
摂食不能	1
末梢冷感	1
杆状核好中球数増加	1
急性咽頭炎	1
左室収縮機能障害	1
血中カリウム減少	1
低色素性小球性貧血	1
潜伏梅毒	1
遠隔転移を伴う肺癌	1
注射部位発疹	1
血管吻合	1
網膜萎縮	1
腟損傷	1
血清カリウム増加	1
透析関連合併症	1
腟中隔	1
血清ビリルビン増加	1
血清脂質増加	1
胸膜肥厚	1
血栓性微小血管症	1
心房粗動	1
ウイルス性発疹	1
コレステロール増加	1
移植不全	1
神経変性障害	1
生理痛	1
盲腸潰瘍	1
感覚異常	1
心臓発作	1
眼瞼皮膚弛緩症	1
過量服薬以外の自殺企図	1
血管造影	1
糖尿病性胃腸障害	1
ＨＤＬコレステロール減少	1
肛門拡張	1
喉頭血腫	1
筋骨格障害	1
肺全摘除	1
胃腫瘤	1
心室性不整脈	1
神経筋ブロック	1
外陰部そう痒症	1
眼挫傷	1
回腸空腸バイパス	1
異常感	1
排卵出血	1
脳幹出血	1
起立困難	1
月経過少	1
胸部手術	1
筋緊張低下	1
咽頭浮腫	1
ぼんやりとした視界	1
黄体嚢胞	1
バッテリー早期消耗	1
陰嚢膿瘍	1
汎発性腹膜炎	1
吸収不良	1
詳細不明の循環系の障害	1
ファロー四徴症	1
てんかん様発作ＮＯＳ	1
ＣＰＫ－ＭＢ増加	1
脳血管虚血	1
皮膚の悪性新生物	1
上大静脈症候群	1
接触性湿疹	1
上部消化管造影	1
胃拡張	1
肺新生物	1
帯状疱疹後疼痛	1
第二度房室ブロック	1
心性浮腫	1
指感染	1
皮膚の悪性黒色腫	1
最大呼気流量増加	1
腎部分摘除	1
慢性涙嚢炎	1
更年期	1
大腸手術	1
内臓逆位症	1
眼隅角後退	1
外耳道湿疹	1
乳房切除	1
迷走神経障害	1
子宮付属器炎	1
子宮内膜増殖症	1
非承認の投与経路による薬剤投与	1
うっ血性心筋症	1
発声不全	1
人工骨挿入	1
心室性頻脈性不整脈	1
ＴｄＰ型心室性頻脈	1
感染性子宮頚管炎	1
上肢静脈炎	1
心腎症候群	1
皮膚色素過剰	1
血管運動性鼻炎	1
小脳性運動失調	1
顔の灼熱感	1
腹圧性尿失禁	1
耳内異物	1
足関節損傷	1
出血性肝嚢胞	1
腎機能不全	1
弾発母指	1
結腸切除	1
喉頭新生物	1
脊髄損傷	1
毛細血管拡張症	1
Ｔ４増加	1
血管形成	1
乳房の良性新生物	1
Ｃ型肝炎陽性	1
骨神経痛	1
女性骨盤痛	1
反復性尿路感染	1
膀胱瘤	1
クレアチニン低値	1
アオバアリガタハネカクシ皮膚炎	1
四肢片側脱力	1
ブルトン型無γグロブリン血症	1
部分的視力喪失	1
咽喉腫脹	1
肥大型閉塞性心筋症	1
骨密度減少	1
唾液腺新生物	1
運動失調	1
先行疾患	1
男性片側性乳房腫大	1
体幹の挫傷	1
避妊	1
背筋攣縮	1
持続的血液透析濾過	1
痛風結節	1
心臓ペースメーカーバッテリー交換	1
滲出型加齢黄斑変性	1
胃管状腺癌	1
ストレス潰瘍	1
黄斑部網膜厚測定	1
医療処置中の鎮静	1
脳虚血	1
動静脈瘻部位出血	1
膀胱不快感	1
びまん性脱毛症	1
弁圧較差	1
緑内障手術	1
血清リン酸塩増加	1
耳介後部痛	1
アナフィラキシー反応	1
低血圧エピソード	1
緊張性頭痛	1
恥骨痛	1
頚腕症候群	1
腸管移植片対宿主病	1
ダニアレルギー	1
胃管再建	1
肺アスペルギルス症	1
エナメル上皮腫	1
処置後蜂巣炎	1
皮膚黄染	1
膵臓の良性新生物	1
カルニチン欠損症	1
真菌性尿路感染	1
陰嚢潰瘍	1
リンパ管炎	1
前庭炎	1
総蛋白高値	1
特発性門脈圧亢進症	1
尿中ケトン体陽性	1
刺痛	1
切開部位蜂巣炎	1
口囲振戦	1
静脈血栓塞栓症	1
心肺停止	1
虚血性心疾患予防	1
舌過敏	1
足指感染	1
眼そう痒症	1
膀胱結石除去	1
ウィルムス腫瘍	1
安静狭心症	1
鼡径部腫瘤	1
生理的低γグロブリン血症	1
末期腎不全	1
開腹	1
放射線性胃腸炎	1
腹腔内転移	1
半月板炎	1
スモン	1
爪のチアノーゼ	1
運動感覚性幻覚	1
バイパス手術	1
体部白癬	1
胸椎領域の脊柱管狭窄症	1
頚部浮腫	1
腹膜癒着部切離術	1
Ｃ－反応性蛋白検査結果異常	1
陰嚢浮腫	1
食欲欠如	1
二枝疾患	1
顕微鏡的多発血管炎	1
異臭性腟分泌物	1
腸管腺腫	1
眼球結膜黄染	1
外傷性頭蓋内出血	1
糖尿病性足部潰瘍	1
損傷	1
尿管新生物	1
インターロイキン２受容体増加	1
粘液線維肉腫	1
歩行障害	1
黄斑部瘢痕	1
眼瞼腫瘍	1
眼球内黒色腫	1
下肢の熱傷	1
進行性全身性硬化症	1
血清尿素増加	1
ばち状指	1
肺感染	1
腸管皮膚瘻	1
十二指腸のカルチノイド腫瘍	1
異常消退出血	1
甲状腺腺腫	1
上肢脱力	1
精神不安定	1
胃手術	1
認知障害	1
酩酊感	1
１型糖原貯蔵障害	1
疼痛増悪	1
医療機器による損傷	1
心筋梗塞後	1
骨膜炎	1
母指を除く、２指以上に及ぶ熱傷、程度不明	1
トリグリセリド異常	1
過角化	1
ケラトアカントーマ	1
アキレス腱延長	1
手白癬	1
外耳道損傷	1
多発性骨髄腫、寛解期	1
上部消化管症状	1
歯の着色	1
鼡径部膿瘍	1
急性下痢	1
頚部リンパ節生検	1
創部膿瘍	1
器質性精神病	1
足部熱傷、程度不明	1
血清アルブミン減少	1
処置後血腫	1
皮膚水疱	1
脱力感	1
角膜潰瘍	1
胃粘膜ひだ肥厚	1
総コレステロール減少	1
クラミジア性腟炎	1
炭酸ガス分圧上昇	1
ストーマ周囲膿瘍ＮＯＳ	1
腱断裂	1
咽頭内異物	1
胃穿孔	1
口内のしびれ感	1
肝ＣＴスキャン	1
耐糖能異常	1
外耳炎	1
結腸γ線療法	1
甲状腺γ線療法	1
膀胱瘤修復	1
悪性乳房腫瘍	1
切除不能な肝癌	1
脳動脈硬化症	1
咽頭切除	1
精神病性障害	1
凝固能亢進	1
左片麻痺	1
甲状腺腺腫切除	1
運動性多発ニューロパチー	1
尿中赤血球陽性	1
脳ＭＲＩ異常	1
鼻腔内違和感	1
幻覚	1
二次性進行型多発性硬化症	1
胃の良性新生物	1
カリウム低値	1
精巣上体炎	1
虫垂癌	1
陰部ヘルペス	1
顔面部神経痛	1
ＴＳＨ減少	1
黒色便	1
吻合部出血	1
先端チアノーゼ	1
肺の良性新生物	1
パーキンソニズム	1
経血量過多	1
腹膜転移	1
上肢塞栓	1
腸骨動脈閉塞	1
腸内ガス	1
血小板症	1
皮内テスト陽性	1
耳管開放症	1
微熱	1
カテーテル破損	1
プロラクチン増加	1
眼内レンズ挿入	1
頚椎脱臼	1
腹部痙縮	1
肝腺腫	1
プロテインＣ減少	1
一過性頭痛	1
右大動脈弓	1
口腔粘膜血腫	1
慢性腎盂腎炎	1
サイトメガロウイルス性肺炎	1
硬便	1
肺癌第１期	1
頚部捻挫	1
乗物酔い	1
骨腫脹	1
鎖骨下動脈血栓症	1
角膜乾燥症	1
再発結腸癌	1
骨パジェット病	1
肝石灰化	1
血液量減少性ショック	1
胆管炎	1
感冒症候群	1
僧帽弁硬化症	1
胆嚢嚢胞	1
黄色靱帯骨化症	1
鼻粘膜の炎症	1
肝動脈血栓症	1
腎提供者	1
肺気腫症	1
悪性症候群	1
痔瘻切除	1
接着テープアレルギー	1
好中球数異常	1
リンパ球数異常	1
肛門脱	1
ウイルス性肝炎	1
出産歴	1
不安定膀胱	1
口腔乳頭腫	1
脾血腫	1
心血栓症	1
再発肝細胞癌	1
ステント再狭窄	1
アヘン類乱用	1
再発黒色腫	1
ミトコンドリアミオパチー	1
血中ビリルビン減少	1
大動脈二尖弁	1
貨幣状湿疹	1
インターフェロンα療法	1
動脈血栓症	1
平滑筋肉腫	1
皮膚アミロイドーシス	1
アルコール性肝炎	1
血管瘤修復	1
抗ＨＢｓ抗体陽性	1
閉塞隅角緑内障	1
尿路性敗血症	1
ＢＮＰ増加	1
後頭部痛	1
尺骨神経炎	1
心房頻脈	1
気管支炎	1
注射部位知覚消失	1
類天疱瘡	1
循環血液量低下	1
盲腸癌第２期	1
大腿偽動脈瘤	1
フェリチン減少	1
睡眠時無呼吸	1
片耳聴力低下	1
胃炎増悪	1
カプセルからの不適切な薬剤取り出し	1
歯の脱落	1
体外受精	1
失語症	1
アレルギー性眼瞼結膜炎	1
離脱性痙攣	1
血管穿刺部位疼痛	1
ナッツアレルギー	1
骨肉腫	1
前眼房障害	1
坐骨神経炎	1
ヒト乳頭腫ウイルス検査陰性	1
小腸結腸瘻	1
歩行不能	1
結腸拡張	1
日本脳炎	1
Ｃ型肝炎抗体陽性	1
皮膚膿瘍	1
ヒトヘルペスウイルス７検査陽性	1
高体温	1
リポ蛋白（ａ）増加	1
リンパ節出血	1
心房性期外収縮	1
下肢不快感	1
組織腫脹	1
陰茎出血	1
薬剤誘発性リンパ球刺激試験陽性	1
心室細動	1
潰瘍壊死性皮膚病変	1
プラスミノーゲン増加	1
免疫性血小板減少性紫斑病	1
精巣上体手術	1
背部痛（放散痛を伴う）	1
モービッツ２型第二度房室ブロック	1
血清副甲状腺ホルモン増加	1
陰嚢紅斑	1
心臓性喘息	1
卵巣無形成	1
乳汁分泌過多	1
壊疽性胆嚢炎	1
クレアチン増加	1
ステント血栓症	1
手足口病	1
僧帽弁狭窄および閉鎖不全	1
外耳の湿疹（皮疹）	1
高血圧性心拡大	1
スポーツ心臓症候群	1
赤血球数低値	1
血中ビリルビン増加	1
ガングリオン	1
滲出液	1
灰白髄炎	1
毛細血管透過性増加	1
全身性筋肉痛	1
脳脊髄液漏	1
ＱＴ間隔延長	1
寒冷蕁麻疹	1
腸壊死	1
中耳カタル	1
味覚障害	1
頭蓋内圧亢進症	1
良性奇形腫	1
四肢知覚不全	1
血胸	1
肺動静脈瘻	1
大動脈弁上狭窄	1
ＰＥＴ／ＣＴスキャン	1
紅斑丘疹型薬疹	1
腸骨大腿深部静脈血栓症	1
悪夢	1
製品包装に関連した外傷	1
肝動脈瘤	1
口周囲ピリピリ感	1
入院ＮＯＳ	1
膀胱新生物	1
関節可動域低下	1
シャイ・ドレーガー症候群	1
閉塞を伴う腹部ヘルニア	1
片側顔面痙攣	1
感染性関節炎	1
原発性中枢神経系リンパ腫	1
骨盤内血腫	1
喉頭潰瘍	1
腸管蠕動低下	1
気腫性嚢胞	1
好中球増加症	1
アルブミン高値	1
夜間咳嗽	1
腎機能検査異常	1
よう	1
腸管癒着部剥離	1
鼻ポリープ切除	1
全身冷感	1
脊椎症	1
流涙症	1
戦慄	1
再発性扁桃炎	1
大動脈瘤切除術	1
薬剤誘発性パーキンソニズム	1
子孫における発癌作用	1
網膜色素上皮症	1
胃粘膜の腸上皮化生	1
右側外耳炎	1
浮腫ＮＯＳ	1
有棘細胞癌	1
眼球回旋	1
吻合部潰瘍	1
薬物性肝障害	1
顎関節障害	1
便潜血	1
穿孔性腹膜炎	1
心拍数増加	1
母指ＣＭ関節症	1
ざ瘡様発疹	1
アキレス腱滑液包炎	1
感染性亀頭包皮炎	1
高血糖	1
外傷性切断	1
γ－グルタミルトランスフェラーゼ異常	1
変色痰	1
脈拍数低下	1
肺門リンパ節腫脹	1
第１０肋骨骨折	1
薬効欠如	1
腕深部静脈血栓症	1
胸部しめつけ感	1
性交出血	1
血気胸	1
慢性腰痛症	1
角膜びらん	1
喉頭の良性新生物	1
注入に伴う反応	1
気分障害ＮＯＳ	1
コックスのメイズ手術	1
前胸部痛	1
下顎骨の悪性新生物	1
アンドロゲン補充療法	1
適用部位発疹	1
門脈圧亢進性胃障害	1
児頭骨盤不均衡	1
有痛関節	1
眉毛脱落	1
２ａ型高脂血症	1
細胞溶解	1
腹壁の挫傷	1
殿部損傷	1
尿中血陽性	1
可逆性後白質脳症症候群	1
脊椎関節障害	1
規定量以上の投与	1
異常感覚	1
脳良性新生物	1
再発Ｂ細胞性リンパ腫	1
肩回旋筋腱板修復	1
汗の変色	1
家族性肺動脈性肺高血圧症	1
両側鼡径ヘルニア	1
クラミジア性外陰部腟炎	1
感覚障害	1
治癒遅延	1
顎下腺結石	1
小脳低形成	1
腸骨骨折	1
ヘルペスＮＯＳ	1
後部ブドウ腫	1
心嚢血腫	1
十二指腸出血	1
ヒト乳頭腫ウイルス検査陽性	1
血中ＬＤＨ異常	1
口腔粘膜知覚消失	1
トリコモナス性尿道炎	1
門脈肺高血圧症	1
透析アミロイドーシス	1
尿素窒素増加	1
腰椎不安定	1
ＰＴＨ低値	1
骨移植	1
豊胸形成術	1
皮膚テスト陽性	1
味覚消失	1
躁うつ病性反応	1
口唇炎症	1
血性胸水	1
硬膜下血腫（外傷性）	1
甲状腺手術	1
続発性血小板減少症	1
蕁麻疹様紅斑	1
鼻炎	1
掌蹠角化症	1
術後貧血	1
血小板数減少	1
星細胞腫	1
覚醒状態	1
尿毒症性そう痒症	1
悪性腫瘍	1
腕不快感	1
僧帽弁修復	1
閉経後症候群	1
ベッカー型筋ジストロフィー	1
パーソナリティ障害	1
トリヨードチロニン低値	1
手足の冷感	1
ビタミンＤ減少	1
足蜂巣炎	1
カテーテル除去	1
小腸潰瘍	1
卵管結紮	1
噴門の悪性新生物	1
乾癬様皮疹	1
三尖弁逆流	1
乳癌第２期	1
前置胎盤	1
分別掻爬	1
動脈管開存症	1
ラムゼーハント症候群	1
腎クレアチニン・クリアランス増加	1
前立腺障害	1
トロサ・ハント症候群	1
陰部そう痒症	1
赤痢アメーバ感染	1
真菌感染様皮膚炎	1
癌ＮＯＳ	1
胆道転移	1
血中エストラジオール増加	1
尿管結石症	1
網脈絡膜萎縮	1
開口障害	1
上部消化管出血	1
便失禁	1
創離開	1
滴下投与部位痛	1
心臓粘液腫	1
ビタミンＢ１欠乏	1
志賀赤痢菌検査陽性	1
足指切断	1
睡眠時死亡	1
逆流性胃炎	1
感染性外耳炎	1
滴下投与部位出血	1
ＷＢＣ減少	1
鼻感冒	1
結節性痒疹	1
眼転移	1
カプセルの問題	1
四肢脱力	1
医療機器使用部位出血	1
前立腺手術	1
ステロイド誘発性糖尿病	1
糖尿病性末梢神経障害性疼痛	1
ストーマ部ヘルニア	1
体毛脱落	1
眼の不快感	1
あくび	1
口唇炎	1
詳細不明の眼瞼障害	1
注入に伴う症状	1
慢性好酸球性肺炎	1
皮膚乾燥予防	1
クロール高値	1
性器発疹	1
胃重圧感	1
光凝固	1
乾癬増悪	1
ポリープ	1
乳癌第３期	1
粗大振戦	1
副鼻腔痛	1
臍帯血移植療法	1
軟性線維腫	1
腸管内ガス発生	1
骨出血	1
知的能力障害	1
直腸しぶり	1
浸潤性乳癌	1
皮膚真菌感染	1
消化管損傷	1
横行結腸切除	1
喀血	1
言語刺激反応低下	1
脳症	1
動静脈奇形	1
尿酸減少	1
運動ニューロン疾患	1
ＡＲＤＳ	1
卵管摘除	1
筋新生物	1
膀胱腫瘍切除	1
処置による嘔吐	1
局所の炎症	1
淋菌性尿道炎	1
局所反応	1
クラミジア検査陽性	1
耳介血腫	1
腱索断裂	1
脳性麻痺	1
腎感染	1
上肢腫瘤	1
サイトメガロウイルス感染	1
脾血管腫	1
腺腫様甲状腺腫	1
体内異物	1
下腿潰瘍	1
バビンスキー反射陽性	1
ＳＴ低下	1
卵巣痛	1
大動脈弁狭窄症および閉鎖不全	1
バージャー病	1
男性勃起不全	1
歯周感染	1
癌性リンパ管症	1
急性汎発性発疹性膿疱症	1
虹彩炎	1
汎発性骨関節症	1
毛細血管出血	1
おこりっぽい	1
静脈穿刺部位炎症	1
膝窩動脈狭窄	1
てんかん重積状態	1
大腿骨痛	1
軟部組織出血	1
膜性糸球体腎炎	1
血管穿刺部位紅斑	1
短腸症候群	1
頭蓋内腫瘍出血	1
靱帯断裂	1
脛骨内側顆骨折	1
尿量減少	1
水疱膿疱性皮疹	1
骨嚢腫	1
低髄液圧症候群	1
好中球数低値	1
胃粘膜下出血	1
化学療法ＮＯＳ	1
Ｓ状結腸憩室炎	1
手関節拘縮	1
門脈圧亢進症	1
絞扼性イレウス	1
肝炎ウイルス関連腎症	1
右耳難聴	1
非アルコール性脂肪性肝炎	1
低血糖	1
月経周期異常	1
気管支胸膜瘻	1
詐病	1
良性新生物	1
毛髪成長異常	1
尿細管間質性腎炎	1
肘骨折	1
血小板クリット減少	1
心室瘤	1
血中カルシウム増加	1
好酸球性胃腸炎	1
盲腸炎	1
大動脈ステント挿入	1
腟癌	1
ミオトニー	1
痛風性関節炎	1
一過性新生児膿疱性メラノーシス	1
血管バイパス移植	1
卵アレルギー	1
頭蓋内血腫	1
再発副鼻腔炎	1
脊髄症	1
心肺バイパス	1
処置による悪心	1
頚部腫脹	1
構音障害	1
マクログロブリン血症	1
ＦＳＨ減少	1
即死	1
頚原性回転性めまい	1
コリンエステラーゼ増加	1
四肢不快感	1
乳腺癌	1
胆嚢摘出術後症候群	1
腎盂炎	1
消化管運動低下	1
回腸潰瘍穿孔	1
腎血管筋脂肪腫	1
薬物過敏症	1
子宮頚部スミア検査陽性	1
眼筋麻痺	1
尺骨ニューラプラキシー	1
橈骨神経麻痺	1
Ｂ型肝炎表面抗原陽性	1
慢性呼吸不全の急性増悪	1
血中アルカリホスファターゼ減少	1
処置後肺塞栓症	1
水痘	1
ルー係蹄改変	1
平均赤血球ヘモグロビン増加	1
毛質異常	1
外耳膿瘍	1
異常３色覚	1
機械的イレウス	1
乳酸脱水素酵素増加	1
出血を伴う急性胃潰瘍	1
薬剤過量投与	1
ビタミンＫ欠乏	1
ステロイド乱用	1
血液透析	1
局所性手ジストニア	1
足底筋膜炎	1
骨肥厚	1
爪痛	1
遠隔転移を伴うリンパ腫	1
低鉄血症	1
胃食道逆流性疾患	1
薬剤使用過程における誤った技法	1
皮膚筋炎	1
再発心室細動	1
手の熱感	1
下後壁急性心筋梗塞	1
神経質	1
Ｑ波軸、左軸偏位	1
第ＸＩＩＩ因子欠乏症	1
苔癬様皮疹	1
半月板断裂	1
粃糠疹	1
尿道の良性新生物	1
良性乳房腫瘤除去	1
左耳難聴	1
混合性難聴	1
会陰痛	1
鼻喉頭炎	1
マイクロ波凝固	1
腟異形成	1
カンジダ性口唇炎	1
胆石発作	1
心雑音	1
急性膀胱炎	1
頚部形成術	1
総胆管空腸吻合	1
狭心症発作	1
心膜切除	1
肺水腫	1
動脈瘤修復	1
消化器の良性新生物	1
尿ｐＨ上昇	1
心室内伝導障害	1
石灰沈着症	1
性器不快感	1
胆道疾患	1
ＨＤＬ減少	1
乾癬性関節症	1
脳血管奇形	1
ヘモグロビン高値	1
子宮頚部上皮内腫瘍１	1
急性リンパ性白血病	1
尿中凝血塊	1
新生物ＮＯＳ	1
Ｂ細胞性リンパ腫	1
フィブリン分解産物異常	1
核崩壊	1
成人発症スチル病	1
末梢動脈疾患	1
適応外用量投与	1
リンパ節郭清	1
腱反射減退	1
ネコ引っかき傷	1
神経因性疼痛	1
胎盤早期剥離	1
アレルギー性眼瞼炎	1
非承認用量の投与	1
頻回心室応答を伴う心房粗動	1
口腔浮腫	1
冠動脈炎	1
寛骨臼骨折	1
全身熱感	1
上肢の挫傷	1
副腎新生物	1
クラミジア感染	1
緑色尿	1
腸骨動脈狭窄	1
金属による皮膚炎	1
呼吸障害	1
前庭障害	1
大脳動脈狭窄	1
大静脈肺動脈吻合	1
血管新生緑内障	1
発見時死亡	1
第１１肋骨骨折	1
上行大動脈瘤	1
ひょう疽	1
小腸切除	1
前立腺石灰化	1
腹部大動脈瘤、破裂性	1
腹腔内臓器の脂肪腫	1
指関節炎	1
便潜血陰性	1
マイコプラズマ感染	1
急性結石性胆嚢炎	1
フォンレックリングハウゼン病	1
突発性発疹	1
結腸良性ポリープ	1
心障害	1
動悸増悪	1
口部ジスキネジア	1
手掌・足底紅斑	1
抗ＨＣＶ陽性	1
放射線性大腸炎	1
頚髄圧迫	1
下垂体腺腫	1
脳内血腫除去術	1
眼窩新生物	1
耳下腺悪性腫瘍	1
家塵アレルギー	1
解離性大動脈瘤、腹部	1
ＳＴ上昇	1
ヘバーデン結節	1
腋窩痛	1
頭部白癬	1
心電図高電位	1
骨悪性リンパ腫	1
平衡障害	1
過形成性ポリープ	1
別経路からの筋注用製剤投与	1
腟炎	1
化膿性皮膚炎	1
ロイシンアミノペプチダーゼ上昇	1
コンジローマ	1
ビタミンＢ２欠乏	1
移植片機能損失	1
片麻痺	1
角膜移植	1
カンジダＮＯＳ	1
下肢腫瘤	1
低身長症	1
血管ステント血栓症	1
子孫における先天異常	1
低酸症	1
網膜点状出血	1
洞性徐脈	1
てんかん発作	1
ＩＵＤ脱落	1
卵管新生物	1
皮膚毒性	1
強直性痙攣	1
二束ブロック	1
ブドウ糖試験部位出血	1
肺機能低下	1
リウマチ熱	1
コルチゾール減少	1
喉頭出血	1
鉄減少	1
頭位性回転性めまい	1
偽落屑症候群	1
肋間痛	1
黄斑破裂	1
血中尿素窒素減少	1
食欲減退	1
胃重感	1
結腸部分切除	1
組織球症	1
発作性心室性頻脈	1
腫瘍性血栓症	1
膵臓出血	1
胎便イレウス	1
肺カルチノイド腫瘍	1
ＴＳＨ増加	1
異常歩行	1
失見当識	1
脊椎手術	1
口唇びらん	1
急性上気道感染	1
大腿骨大転子骨折	1
第５頚椎骨折	1
肺底部無気肺	1
膿腎症	1
先天性胆管拡張症	1
老年認知症	1
ウェーバー・クリスチャン病	1
無気肺	1
肺炎球菌性肺炎	1
非アルコール性脂肪肝	1
持続勃起症	1
膵管内乳頭粘液性癌	1
シュードモナス性菌血症	1
膀胱カテーテル留置	1
光感作された	1
動脈バイパス手術	1
正中神経損傷	1
術後鎮痛法	1
胸膜γ線療法	1
動脈血栓塞栓症予防	1
マイコプラズマ性肺炎	1
自殺（既遂）	1
アスパラギン酸アミノトランスフェラーゼ異常	1
くも膜嚢胞	1
椎間板炎	1
非感染性眼内炎	1
足首腫脹	1
埋込み部位皮膚炎	1
腱障害	1
慢性低血圧	1
節外性ＮＫ・Ｔ細胞性リンパ腫、鼻型	1
口腔粘膜疹	1
舌苔	1
胸部圧迫感	1
穀物アレルギー	1
上室性頻脈	1
抗カルジオリピン抗体陽性	1
舌あれ	1
大静脈フィルター挿入	1
感染性小腸結腸炎	1
運動緩慢	1
過敏性腸症候群増悪	1
不明熱	1
大腸菌感染	1
直腸周囲膿瘍	1
尋常性白斑	1
動静脈瘻手術	1
網膜色素上皮変性	1
膝下部切断	1
卵巣嚢胞破裂	1
関節リウマチ増悪	1
限局性感染	1
アルコール性嫉妬妄想	1
収縮期血圧低下	1
非特異反応	1
斑状出血性皮疹	1
口腔アフタ	1
クッシング症候群	1
横隔膜下膿瘍	1
ブルガダ症候群	1
多臓器不全	1
穿刺部位蜂巣炎	1
パニック発作	1
フィブリン分解産物増加	1
足の捻挫	1
ＴＩＡ	1
食道逆流	1
作話	1
黄斑ドルーゼン	1
出産経験	1
汎血球減少症	1
歯肉痛	1
マーシャル・マーケッティ・クランツ手術	1
膝内障	1
脾臓転移	1
裂傷	1
結節性多発動脈炎	1
尿中細菌検出	1
アカラシア	1
胃粘膜肥厚	1
腓腹筋痙攣	1
頚部神経痛	1
ガス性腹部膨満	1
胆管狭窄	1
非感染性脊髄炎	1
右下腹部痛	1
陰茎浮腫	1
脊椎骨折	1
肘関節滑膜炎	1
冠動脈血行再建	1
間質性肺炎増悪	1
真菌性眼感染	1
星細胞腫手術	1
低γグロブリン血症ＮＯＳ	1
副甲状腺腫瘍	1
毛虫皮膚炎	1
労作性めまい	1
安定狭心症	1
抗うつ療法	1
拡張期血圧異常	1
尿生殖器障害ＮＯＳ	1
閉塞性肺炎	1
歯槽出血	1
大動脈冠動脈バイパス	1
三叉神経痛	1
２型２色覚	1
上気道感染	1
臍ヘルニア修復	1
心電図Ｊ波異常	1
多嚢胞性膵疾患	1
肛門周囲そう痒	1
化膿性関節炎、下肢	1
フィブリン分解産物高値	1
末梢性Ｔ細胞性リンパ腫、組織型不明	1
皮脂欠乏症	1
紅色斑点	1
表在性上肢血栓性静脈炎	1
顎の骨折	1
ヘノッホ・シェーンライン紫斑病	1
中間型αサラセミア	1
産褥期静脈血栓症	1
膿瘍ドレナージ	1
静脈穿刺部位内出血	1
抗凝固療法	1
盲係蹄症候群	1
大動脈拡張症	1
脳γ線療法	1
アミラーゼ異常	1
ＳＬＥ症候群増悪	1
小丘疹	1
腹壁ヘルニア	1
腎性糖尿	1
異型リンパ球	1
感染性皮膚潰瘍	1
γ－ＧＴ異常	1
処置後腫脹	1
色素斑	1
術後腎不全	1
腹膜嚢胞	1
冷汗	1
逆行性尿道造影	1
口内炎	1
鎮痛薬アレルギー反応	1
冠動脈拡張	1
トランスアミナーゼ上昇	1
無尿	1
出血性痔核	1
舌損傷	1
期限切れの医療機器使用	1
昆虫刺咬アレルギー	1
片眼性視力喪失	1
口唇口蓋裂	1
心筋炎	1
頚動脈内膜中膜肥厚度増加	1
胸壁痛	1
肛門直腸静脈瘤	1
急性心筋梗塞	1
通年性アレルギー性鼻炎	1
角膜異物	1
マイボーム腺梗塞	1
鎖骨下動脈スチール症候群	1
動物咬傷	1
体幹浮腫	1
角膜ヘルペス	1
胆管閉塞	1
アスピリン喘息	1
食中毒	1
リウマチ（関節のみ）	1
腫脹ＮＯＳ	1
ＫＬ－６増加	1
ヘルニア	1
硬膜動静脈瘻	1
子宮肥大	1
頚椎変性	1
仙痛	1
末期腎疾患	1
クレアチニン減少	1
ステロイド性ミオパチー	1
四肢の結節	1
視力矯正手術	1
会陰瘻	1
中心静脈カテーテル留置	1
血球数異常	1
眼運動障害	1
上背部痛	1
脂質増加	1
下肢塞栓	1
大腿部浮腫	1
喉頭蓋嚢胞	1
痔瘻	1
慢性胆嚢炎	1
癒着性イレウス	1
両側腎動脈狭窄	1
褐色尿	1
表層角膜炎	1
下肢表在性静脈血栓症	1
筋骨格痛	1
咽頭出血	1
鼻部不快感	1
妊娠中絶	1
拍動性耳鳴	1
アルコール性膵炎	1
遊離Ｔ３高値	1
適用部位発赤	1
紫斑性皮疹	1
疼痛予防	1
非小細胞肺癌進行	1
剥離骨折	1
眼圧上昇	1
尿中赤血球増加	1
ネコアレルギー	1
アミラーゼ減少	1
膝蓋腱炎	1
肝酵素増加	1
多幸症	1
下気道の炎症	1
呼吸時疼痛	1
高音障害型感音難聴	1
推定三尖弁収縮期圧較差	1
アラニンアミノトランスフェラーゼ増加	1
腰椎の疼痛	1
解離性大動脈瘤、胸部	1
尺骨神経麻痺	1
ステロイド誘発性白内障	1
びまん性大細胞型Ｂ細胞性リンパ腫	1
術中高血圧	1
外耳皮疹	1
鼻不快感	1
鼻部損傷	1
手指のこわばり	1
塞栓術後症候群	1
集中力低下	1
肘関節腫脹	1
体液貯留	1
一過性黒内障	1
胃体部の悪性新生物	1
口腔内新生物	1
ナトリウム低値	1
リンパ球養子免疫療法	1
ラテックスアレルギー	1
無菌性髄膜炎	1
精巣腺癌	1
副甲状腺ホルモン減少	1
呼吸異常	1
嚥下不能	1
腸炎	1
外傷性脳出血	1
コントロールされていない高血圧	1
虐待の被害者	1
耳鼻咽喉頭γ線照射療法	1
毛細血管抵抗性減少	1
椎骨脳底動脈不全	1
ウォルフ・パーキンソン・ホワイト症候群	1
急性呼吸窮迫症候群	1
低活動型譫妄	1
コンピュータ視覚症候群	1
ブドウ球菌感染	1
ニーマン・ピック病	1
もやもや病	1
プロテインＳ欠乏症	1
乾性角膜炎	1
広汎性発達障害	1
歯矯正	1
亜鉛欠乏	1
水疱性角膜症	1
再生不良性貧血	1
両大血管右室起始症	1
血糖値上昇	1
腫瘍状石灰沈着症	1
血管グラフト	1
骨髄増殖性疾患	1
運動減少	1
続発性赤血球増加症	1
腸骨大腿動脈バイパス	1
排便障害	1
胸腔内出血	1
眼瞼発疹	1
有害事象ＮＯＳ	1
ネフローゼ症候群	1
分娩時母体死亡	1
血中アルカリホスファターゼ低値	1
卵子提供者	1
Ｂ型肝炎表面抗原キャリアー	1
頭部不快感	1
全身性湿疹反応	1
先在疾患の増悪	1
結腸メラノーシス	1
膀胱の悪性新生物	1
自己免疫性血小板減少症	1
右片麻痺	1
肩回旋筋腱板炎	1
抗生剤濃度ＮＯＳ増加	1
腎瘻造設	1
眼帯状疱疹	1
腹壁血腫	1
アレルギー性湿疹	1
腸間膜リンパ節腫脹	1
顔面神経障害	1
妄想状態	1
咽頭の良性新生物	1
ヘモグロビン増加	1
プラスマフェレシス	1
細菌性リンパ節炎	1
頚部における後縦靱帯骨化症	1
心内膜床欠損ＮＯＳ	1
背部硬直	1
梗塞ＮＯＳ	1
再発肺癌	1
ＳＰ－Ｄ増加	1
足部骨髄炎	1
好中球減少症	1
胃腸管血管異形成	1
単純網膜症	1
冠血管攣縮	1
手汗疱	1
腹壁腫瘤	1
血管グラフト血栓症	1
尿閉	1
局在関連てんかん	1
網膜細動脈瘤	1
血管痛	1
膀胱手術	1
血管内大細胞型Ｂ細胞性リンパ腫	1
中毒性紅斑	1
腹膜透析	1
骨盤内出血	1
腎臓の良性新生物	1
新生物	1
腕の脱力	1
胃内異物	1
注射部位そう痒感	1
レイノー様障害	1
リパーゼ減少	1
下腿出血性関節症	1
収縮瞳孔	1
下腿の挫傷	1
裂頭条虫症	1
ミオパチー	1
性的興奮増加	1
市中感染性肺炎	1
ボイド赤痢菌検査陽性	1
両手のそう痒	1
右膝関節滲出液	1
肝嚢胞感染	1
多発性骨髄腫	1
声帯機能障害	1
四肢動脈のアテローム性動脈硬化症	1
震え	1
ニューラプラキシー	1
三尖弁修復	1
脊髄硬膜下血腫	1
肝部分切除	1
血沈亢進	1
葉酸欠乏	1
皮膚剥脱	1
片頭痛	1
水晶体損傷	1
注射針の弯曲	1
皮膚乾燥症	1
尿線細小	1
屈折異常	1
抗生物質アレルギー反応	1
高蛋白血症	1
強膜炎	1
センチネルリンパ節郭清	1
絨毛膜下血腫	1
フルニエー壊疽	1
リンパ系新生物	1
喉頭摘出	1
膀胱拡大	1
ジスキネジア	1
ウィルソン病	1
悪性新生物	1
ワルチン腫瘍	1
大腸菌性菌血症	1
尿酸腎症	1
反応増悪	1
胃下垂	1
促進型心室固有調律	1
顔面攣縮	1
真菌中毒症	1
冠動脈コンピュータ断層撮影	1
網膜斑状出血	1
胸骨痛	1
腹部癒着	1
ＣＲＴ／ＩＣＤ挿入	1
副腎腫大	1
関節靱帯断裂	1
腸管拡張症	1
前腕熱傷、程度不明	1
悪心予防	1
治療的塞栓術	1
膠原病	1
口腔粘膜出血	1
ＩｇＡκ増加	1
対麻痺	1
慢性便秘	1
結膜充血	1
胃腸障害	1
単球増加	1
口腔ウイルス感染	1
体外回路内血液凝固	1
ビリルビン値上昇	1
血管障害	1
胸部ＣＴ	1
重症筋無力症	1
膀胱部分切除	1
ヘルニア痛	1
恥骨骨折	1
骨シンチグラフィ	1
尿中白血球エステラーゼ陽性	1
消耗	1
末期心不全	1
再発肺腺癌	1
バルビツレート中毒	1
妊娠高血圧	1
摩擦音	1
低血糖昏睡	1
大腸転移	1
急性腎炎	1
溶血性尿毒症症候群	1
胸郭成形	1
神経症性抑うつ	1
深部静脈血栓症、分娩前	1
喉頭ポリープ切除	1
甲状腺嚢腫	1
手骨折	1
視神経萎縮	1
ＭＲＳＡ感染	1
血清β２ミクログロブリン増加	1
棘細胞腫	1
四肢不随意運動	1
脾臓新生物	1
下腹部圧痛	1
パニック障害	1
側弯症	1
静脈穿刺部位発疹	1
単純ヘルペス	1
処置後感染	1
胆嚢腺筋症	1
好中球数増加	1
急性腎前性腎不全	1
腫瘍マーカー上昇	1
斜視	1
血精液症	1
ギプス包帯使用	1
リン低値	1
カテーテル留置部位皮膚炎	1
コーヒー残渣様吐物	1
鉄低値	1
ＭＧＵＳ	1
続発性パーキンソニズム	1
蘇生法	1
シリンジの破損	1
脊椎分離	1
肩骨折	1
卵巣漿液性嚢胞腺線維腫	1
股関節骨髄炎	1
肩インピンジメント症候群	1
下顎骨折	1
胃黄色腫	1
大腿骨病的骨折	1
ツベルクリン反応陽性	1
舌知覚不全	1
血中アルカリホスファターゼ増加	1
上顎洞炎	1
髄膜炎様	1
鼡径部リンパ節炎	1
放屁増加	1
季節性結膜炎	1
汗の黒色着色	1
ビタミンＣ欠乏	1
薬効延長	1
呼吸困難増悪	1
残胃炎	1
食道カンジダ	1
股関節炎	1
動脈ステント挿入	1
腎動静脈奇形	1
境界型糖尿病	1
ひび・あかぎれ	1
失明	1
顎骨髄炎	1
リンパ球数増加	1
聴覚障害	1
ヘルニア修復	1
眼異物除去	1
聴神経腫	1
チャーグ・ストラウス症候群	1
骨盤膿瘍	1
パニック反応	1
肝疾患	1
脊柱後弯症	1
出血予防	1
肝脂肪浸潤	1
肺石灰化	1
メチシリン耐性黄色ブドウ球菌性腸炎	1
膀胱γ線療法	1
身体しびれ感	1
唾液腺手術	1
結核性胸膜炎	1
耐糖能境界型	1
疲労増悪	1
肝塞栓術	1
ヘマトクリット低値	1
低カリウム血性アルカローシス	1
尿中ビリルビン陽性	1
皮膚病変	1
子宮頚管無力症	1
アレルギー性浮腫	1
血中好酸球増加	1
再発卵巣癌	1
膵石除去	1
再発心房細動	1
四肢動脈塞栓症	1
黒子	1
急性腎盂腎炎	1
口腔粘膜びらん	1
腸間膜動脈閉塞	1
失声	1
出血性ショック	1
ＩＵＤ糸目視不能	1
中皮腫	1
骨γ線療法	1
赤血球数減少	1
脳動脈瘤	1
皮膚γ線療法	1
上咽頭癌	1
放射線皮膚損傷	1
骨折痛	1
褥瘡性潰瘍	1
あくび過多	1
薬剤性蕁麻疹	1
医療機器による疼痛	1
口唇血腫	1
アレルギー性そう痒症	1
肛門痛	1
大腿ヘルニア修復	1
尿失禁	1
慢性貧血	1
歯槽骨炎	1
咽頭損傷	1
頭部ふらふら感	1
リンパ節炎	1
異常出血	1
不完全な用量の投与	1
消化管粘膜下腫瘍	1
胸腺の悪性新生物	1
子宮腺癌	1
先天性無γグロブリン血症	1
結腸ポリープ切除	1
二次性高血圧	1
高クロール血症	1
サイトメガロウイルス性腸炎	1
好酸球数異常	1
椎骨動脈解離	1
尿道下裂修復	1
サイトカイン補助療法	1
胃瘻	1
喘息様状態	1
不安発作	1
多発性硬化症	1
代謝性アシドーシス	1
肘の捻挫	1
腹壁膿瘍	1
直腸新生物	1
肺動脈狭窄	1
肛門膿瘍	1
単クローン性高γグロブリン血症	1
子宮障害	1
耐糖能障害	1
凝固第Ｖ因子量減少	1
唾液腺の良性新生物	1
甲状腺部分摘除	1
血管穿刺部位知覚消失	1
口唇不快感	1
アカシジア	1
手皮膚炎	1
妊娠時腎障害	1
会陰膿瘍	1
腟帯下	1
発熱性好中球減少症	1
甘味	1
胆汁うっ滞	1
医療機器装着の問題	1
粘膜障害	1
外傷性血腫	1
脈絡膜血管腫	1
過敏性大腸	1
ニコチン依存	1
髄膜新生物	1
ＩｇＡ腎症	1
点状角膜炎	1
感音難聴	1
口唇のあれ	1
線維腫症	1
ハチ刺傷	1
咽頭灼熱感	1
趾爪肥厚	1
糖尿病性白内障	1
顎膿瘍	1
敗血症	1
子宮γ線照射療法	1
ハンセン病	1
中耳真珠腫	1
間代性痙攣	1
多汗	1
低蛋白血症	1
進行性腎不全	1
外眼筋麻痺	1
慢性脳循環障害	1
骨関節症	1
細菌叢異常症	1
縦隔転移	1
咽喉頭出血	1
先天性心疾患ＮＯＳ	1
ＳＬＥ	1
血管炎	1
甲状腺ホルモン増加	1
下行結腸癌	1
片麻痺性片頭痛	1
女性性器皮疹	1
白質脳症	1
下肢感覚異常	1
口の錯感覚	1
房室結節性リエントリー性頻脈	1
尿路結石除去	1
本態性血小板血症	1
アルブミン低値	1
慢性糸球体腎炎	1
肩の脱臼	1
声門癌	1
ヨード性甲状腺機能低下症	1
直腸腫瘤	1
血中カルシウム減少	1
腸管ステント挿入	1
頚動脈塞栓	1
カンジダ性間擦疹	1
四肢麻痺	1
閉経期うつ病	1
リンパ節腫大	1
群発頭痛	1
舟状骨骨折	1
皮膚色素沈着	1
ＩｇＧκ増加	1
ＧＶＨＤ	1
炎症性偽腫瘍	1
腟カンジダ症	1
腟超音波検査	1
耳下腺混合腫瘍	1
ホルモン製剤による避妊中の異所性妊娠	1
虫垂粘液嚢胞	1
ホルモン療法	1
甲状腺炎	1
凝固障害	1
白血球数高値	1
血管攣縮性狭心症	1
乳房放射線療法	1
角膜損傷	1
内視鏡的逆行性胆道膵管造影	1
門脈系異常	1
腟そう痒	1
網膜芽細胞腫	1
仮性嚢胞	1
第３度熱傷	1
弓部大動脈瘤	1
肘頭骨折	1
喉頭肉芽腫	1
アナフィラキシー様紫斑病	1
尿酸増加	1
ロタウイルスによる腸炎	1
クレチン病	1
ブドウ糖高値	1
骨の悪性新生物	1
失調性歩行	1
レム睡眠行動障害	1
ダウン症候群	1
輸血関連合併症	1
顔面骨骨折	1
遠視性乱視	1
単球数高値	1
悪性胸水	1
鼻膿瘍	1
腹部灼熱感	1
血中クレアチニン異常	1
大動脈弁修復	1
全身潮紅	1
出血性卵巣嚢胞	1
出血性皮疹	1
生検後出血	1
手指冷感	1
頚部不快感	1
珪肺症	1
評価不能の事象	1
眼周囲皮疹	1
注射部位多毛症	1
気管出血	1
無脾	1
溺死	1
腹部ＣＴ	1
心臓血管疾患、詳細不明	1
低マグネシウム血症	1
意識障害	1
足根洞症候群	1
マイコバクテリア感染	1
一過性低γグロブリン血症	1
咽頭新生物	1
円錐角膜	1
胆嚢腫瘍	1
閉経期症状予防	1
ばら疹	1
Ａ群β溶血性レンサ球菌陽性	1
医療機器不快感	1
酸素飽和度低下	1
気道出血	1
薬剤性皮膚炎	1
壊死組織切除	1
赤血球数異常	1
ＳＩＡＤＨ	1
心感染	1
味覚減退	1
強度変調放射線療法	1
プラマー病	1
労作性狭心症	1
穿刺部位反応	1
真菌性足感染	1
胆嚢結石症	1
良性家族性慢性天疱瘡	1
妊娠悪阻	1
血小板増加症	1
顔面膿瘍	1
歯肉潰瘍	1
嗅覚異常	1
血清リン酸塩減少	1
慢性骨髄炎、下腿	1
黒くらみ	1
血管周囲細胞腫	1
眼瞼湿疹	1
ＨＩＶ感染	1
腸出血	1
脊髄炎	1
注射部位熱感	1
動物アレルギー	1
耳鳴増悪	1
消化管のカルチノイド腫瘍	1
脳内出血	1
非分泌型下垂体腺腫	1
無動発作	1
急性頚部痛	1
心室中隔欠損修復	1
心膜炎	1
無動性無言症	1
子宮脱修復	1
脱毛術	1
慢性心房細動	1
カテーテル留置部位そう痒感	1
心肥大	1
眼レーザー手術	1
癌切除	1
心電図異常Ｔ波	1
γ－ＧＴ減少	1
血清ナトリウム増加	1
混合型認知症	1
喘息発作	1
肩のしびれ感	1
急性低血圧	1
詳細不明の心臓新生物	1
頚部ジストニア	1
萎縮性腟炎	1
左眼失明	1
発作性上室性頻脈	1
眼球摘除	1
回腸穿孔	1
大脳神経膠腫症	1
腰椎固定	1
腎性骨症症候群	1
状態悪化	1
視神経炎	1
Ｂ型ウイルス性肝炎	1
熱かぜ	1
医療機器バッテリー問題	1
眼球重感	1
血栓溶解	1
膵臓γ線療法	1
頚動脈石灰化	1
好酸球数減少	1
口唇乾燥	1
適用部位潰瘍	1
経尿道的前立腺摘除	1
脊椎すべり症	1
皮膚障害ＮＯＳ	1
胆道新生物	1
腎細胞癌第４期	1
自殺既遂	1
関節内出血	1
上腕痛	1
直腸潰瘍	1
冠動脈再狭窄	1
口腔カンジダ症	1
２ｂ型高脂血症	1
アナフィラキシー様ショック	1
全身発赤	1
排便痛	1
鼻詰まり	1
腸憩室炎	1
ＱＯＬ低下	1
筋強直性ジストロフィー	1
急性リンパ節炎	1
腸チフス	1
製品の微生物汚染	1
末梢動脈出血	1
細気管支炎	1
摘便	1
末梢性チアノーゼ	1
ステロイド療法	1
腎梗塞	1
爪囲炎	1
手の振戦	1
痛風発作	1
神経膠腫	1
握力低下	1
中心静脈カテーテル感染	1
再発腹膜炎	1
真菌感染	1
ＢＵＮ異常	1
血管性パーキンソニズム	1
退形成星細胞腫	1
処置後子宮穿孔	1
クインケ浮腫	1
アルドステロン症	1
薬物中毒	1
虚弱	1
ＷＰＷ症候群	1
乳様突起炎	1
消化管の異物	1
椎骨動脈閉塞	1
頭部裂傷	1
口唇そう痒症	1
肝疾患ＮＯＳ	1
アダムス・ストークス症候群	1
非特異的ＳＴ部分変化	1
巨大乳房	1
肝血腫	1
手裂傷	1
動脈痙攣	1
声門浮腫	1
尿中ミオグロビン増加	1
卵巣腫瘤	1
陳旧性肺結核	1
結核性リンパ節炎	1
出血性胃炎	1
手首の痛み	1
筋不随意運動	1
ホモシスチン尿症	1
下肢潰瘍	1
指痙攣	1
リンパ節結核	1
自律神経ニューロパチー	1
深部静脈炎	1
背部膿瘍	1
糖尿病の家族歴	1
血糖異常	1
放線菌検査陽性	1
続発性後天性低γグロブリン血症	1
投与に伴う反応	1
腎血腫	1
鼓室炎	1
慢性腎不全の急性増悪	1
開放骨折－上腕骨	1
子宮内膜肥大	1
腕骨折	1
平均赤血球ヘモグロビン濃度増加	1
網膜手術	1
急性中耳炎	1
裂孔原性網膜剥離	1
精巣損傷	1
血管形成異常	1
靱帯損傷	1
脳動脈瘤、非破裂性	1
口腔ヘルペス	1
嗅覚消失	1
注射部位石灰化	1
子宮ポリープ	1
ＩｇＥ増加	1
血圧管理	1
脳幹障害	1
爪色素沈着	1
甲状腺損傷	1
再発膀胱癌	1
月経前緊張症	1
頭蓋骨癒合症	1
夜間中途覚醒	1
静脈圧迫	1
クルーケンベルグ腫瘍	1
遠隔転移を伴う肝癌	1
注射部位斑状出血	1
耳漏	1
混濁尿	1
心胸郭比増加	1
網膜蒼白	1
虚血性視神経症	1
障害増悪	1
皮膚カンジダ	1
耳介腫脹	1
聴力低下	1
腹鳴	1
精巣癌	1
ヘルペス性外陰腟炎	1
創部痛	1
声帯麻痺	1
おむつ皮膚炎	1
間質性膀胱炎	1
壊疽性膿皮症	1
鼡径部間擦疹	1
腸内細菌叢の乱れ	1
赤痢	1
運動機能変動	1
浸軟児	1
精神遅滞	1
筋膜疼痛症候群	1
口唇損傷	1
腱付着部炎	1
バルーン閉塞下逆行性経静脈性塞栓術	1
不規則月経周期	1
睫毛の脱毛	1
腺癌	1
口腔の良性新生物	1
足指の損傷	1
寝汗	1
白衣性高血圧	1
尿中上皮細胞増加	1
腹腔内出血	1
膝窩脛骨動脈バイパス	1
眼の炎症	1
乾性加齢黄斑変性	1
温感	1
下痢便秘交代型	1
鼻中隔弯曲	1
卵巣顆粒膜細胞腫	1
過活動性膀胱	1
頭蓋底骨折	1
過短月経	1
メラノサイト性母斑	1
急性薬物中毒	1
血沈高値	1
軟部組織腫瘤	1
口腔挫傷	1
口腔感染	1
糖尿病性黄斑症	1
下肢静脈炎	1
良性乳房腫瘍	1
腎炎症候群	1
好酸球性肺炎	1
唾液分泌亢進	1
ざ瘡増悪	1
アナフィラキシー	1
第８胸椎圧迫骨折	1
先端巨大症	1
食道静脈瘤出血	1
全身性エリテマトーデス皮疹	1
覚醒時麻痺	1
偽性バーター症候群	1
排便回数増加	1
新生児貧血	1
骨盤内臓器損傷	1
注射部位関節腫脹	1
医薬品副作用ＮＯＳ	1
気力低下	1
乳房腫瘤切除	1
肘頭部滑液包炎	1
細菌性尿路感染	1
糖尿病性自律神経ニューロパチー	1
憩室穿孔	1
好中球数高値	1
筋肉痛増悪	1
肢端皮膚炎	1
吸入療法	1
免疫複合体糸球体腎炎	1
プラダーウィリ症候群	1
光線過敏症	1
病的骨折	1
三尖弁置換	1
扁平疣贅	1
左上肢痛	1
感染性結膜炎	1
尿道狭窄	1
後頭神経痛	1
注射部位蜂巣炎	1
頭蓋内圧上昇	1
梅毒	1
食道静脈瘤破裂	1
もやもや感	1
花粉アレルギー	1
尿蛋白	1
陰嚢びらん	1
急性胃炎	1
唾液分泌過多	1
膀胱結石	1
網膜滲出物	1
凍瘡	1
糸球体濾過率減少	1
眼窩周囲紅斑	1
気道感染	1
総胆管十二指腸吻合	1
血中尿素窒素増加	1
サンバーン	1
脊椎放射線療法ＮＯＳ	1
甲状腺関連眼窩疾患	1
皮膚亀裂	1
汎低γグロブリン血症	1
陰茎水疱	1
コルチゾール増加	1
四肢攣縮	1
動脈障害ＮＯＳ	1
鎌状赤血球βサラセミア	1
尿管拡張	1
夜尿	1
中和抗体陽性	1
医療機器の問題	1
側弯症手術	1
大動脈炎症候群	1
胃ポリープ切除	1
プロトロンビン量異常	1
皮膚変色	1
異常発汗	1
嚥下痛	1
時間空間失見当識	1
急性肺炎	1
眼周囲腫脹	1
膝関節障害	1
後頭部しびれ感	1
肝臓γ線療法	1
詳細不明の発達遅延	1
骨盤腫瘍	1
脳室内出血	1
左側外耳炎	1
脾臓膿瘍	1
一過性視力低下	1
眼の発赤	1
大発作てんかん	1
処置後創部感染	1
ＲＳウイルス感染	1
咳喘息	1
染色体異常	1
手首の損傷	1
インスリン依存性糖尿病	1
胃腸管狭窄	1
滴下投与部位発赤	1
インターフェロンγ正常	1
うっ血性心不全増悪	1
横隔神経麻痺	1
細菌性食中毒	1
悪性神経線維鞘腫	1
既知の併用禁忌薬物との併用	1
腫瘍崩壊症候群	1
単心室	1
甲状腺全摘除	1
移植拒絶反応	1
消化管運動障害	1
ＡＳＴ低値	1
γ－グルタミルトランスフェラーゼ減少	1
腰ヘルニア	1
口角口唇炎	1
赤血球増加	1
歯肉癌	1
赤色尿	1
ファブリ病	1
脈拍欠滞	1
血管芽腫	1
