便塊除去	予測１
便塊除去	予測２
便塊除去	予測３
アルツハイマ-認知症	予測１
アルツハイマ-認知症	予測２
アルツハイマ-認知症	予測３
熱傷（背部）	予測１
熱傷（背部）	予測２
熱傷（背部）	予測３
2015.8.12骨盤-その他-前立腺癌	予測１
2015.8.12骨盤-その他-前立腺癌	予測２
2015.8.12骨盤-その他-前立腺癌	予測３
口のにがみ	予測１
口のにがみ	予測２
口のにがみ	予測３
軽度呼吸困難感	予測１
軽度呼吸困難感	予測２
軽度呼吸困難感	予測３
両足関節偽痛風	予測１
両足関節偽痛風	予測２
両足関節偽痛風	予測３
内痔核出血	予測１
内痔核出血	予測２
内痔核出血	予測３
背部皮脂欠乏性湿疹	予測１
背部皮脂欠乏性湿疹	予測２
背部皮脂欠乏性湿疹	予測３
左側頭葉出血	予測１
左側頭葉出血	予測２
左側頭葉出血	予測３
肩凝症	予測１
肩凝症	予測２
肩凝症	予測３
がん性疼痛	予測１
がん性疼痛	予測２
がん性疼痛	予測３
脊髄管狭搾症	予測１
脊髄管狭搾症	予測２
脊髄管狭搾症	予測３
口唇ヘルペスの悪化	予測１
口唇ヘルペスの悪化	予測２
口唇ヘルペスの悪化	予測３
死亡（腎細胞癌の増悪）	予測１
死亡（腎細胞癌の増悪）	予測２
死亡（腎細胞癌の増悪）	予測３
口が苦い	予測１
口が苦い	予測２
口が苦い	予測３
肝癌	予測１
肝癌	予測２
肝癌	予測３
好中球↓	予測１
好中球↓	予測２
好中球↓	予測３
第３指切傷	予測１
第３指切傷	予測２
第３指切傷	予測３
急性虫垂炎（１４才時手術）	予測１
急性虫垂炎（１４才時手術）	予測２
急性虫垂炎（１４才時手術）	予測３
膀胱からの出血	予測１
膀胱からの出血	予測２
膀胱からの出血	予測３
リンパ郭清	予測１
リンパ郭清	予測２
リンパ郭清	予測３
閉塞性大動脈硬化症	予測１
閉塞性大動脈硬化症	予測２
閉塞性大動脈硬化症	予測３
喀痰による閉塞	予測１
喀痰による閉塞	予測２
喀痰による閉塞	予測３
心戻細動	予測１
心戻細動	予測２
心戻細動	予測３
肺結亥	予測１
肺結亥	予測２
肺結亥	予測３
くり返すシャント血栓症	予測１
くり返すシャント血栓症	予測２
くり返すシャント血栓症	予測３
２次性副甲状腺機能亢進症（ｉｎｔａｃｔＰＴＨ上昇）【ｉｎｔａｃｔＰＴＨ上昇】	予測１
２次性副甲状腺機能亢進症（ｉｎｔａｃｔＰＴＨ上昇）【ｉｎｔａｃｔＰＴＨ上昇】	予測２
２次性副甲状腺機能亢進症（ｉｎｔａｃｔＰＴＨ上昇）【ｉｎｔａｃｔＰＴＨ上昇】	予測３
プラザキサによる腎機能悪化疑い	予測１
プラザキサによる腎機能悪化疑い	予測２
プラザキサによる腎機能悪化疑い	予測３
慢性血栓塞栓性肺高血圧症の増悪	予測１
慢性血栓塞栓性肺高血圧症の増悪	予測２
慢性血栓塞栓性肺高血圧症の増悪	予測３
下肢浮腫（両足）	予測１
下肢浮腫（両足）	予測２
下肢浮腫（両足）	予測３
心房頻拍	予測１
心房頻拍	予測２
心房頻拍	予測３
頚部出血（頚部リンパ節からの出血。頚部リンパ節は記載あり）	予測１
頚部出血（頚部リンパ節からの出血。頚部リンパ節は記載あり）	予測２
頚部出血（頚部リンパ節からの出血。頚部リンパ節は記載あり）	予測３
両側総腸骨動脈瘤術後	予測１
両側総腸骨動脈瘤術後	予測２
両側総腸骨動脈瘤術後	予測３
急性肺炎（重篤）	予測１
急性肺炎（重篤）	予測２
急性肺炎（重篤）	予測３
永久ペースメーカー挿入	予測１
永久ペースメーカー挿入	予測２
永久ペースメーカー挿入	予測３
７２歳腹部大動脈瘤術後	予測１
７２歳腹部大動脈瘤術後	予測２
７２歳腹部大動脈瘤術後	予測３
ＨＤＬコレステロールの上昇	予測１
ＨＤＬコレステロールの上昇	予測２
ＨＤＬコレステロールの上昇	予測３
薬物性紅皮症	予測１
薬物性紅皮症	予測２
薬物性紅皮症	予測３
左眼底出血	予測１
左眼底出血	予測２
左眼底出血	予測３
手足皮膚症状【手足皮膚反応】	予測１
手足皮膚症状【手足皮膚反応】	予測２
手足皮膚症状【手足皮膚反応】	予測３
僧帽弁逆流閉鎖不全	予測１
僧帽弁逆流閉鎖不全	予測２
僧帽弁逆流閉鎖不全	予測３
手・足症候群	予測１
手・足症候群	予測２
手・足症候群	予測３
右甲状腺腺腫悪化	予測１
右甲状腺腺腫悪化	予測２
右甲状腺腺腫悪化	予測３
慢性多発性関節リウマチ	予測１
慢性多発性関節リウマチ	予測２
慢性多発性関節リウマチ	予測３
手足皮膚痛	予測１
手足皮膚痛	予測２
手足皮膚痛	予測３
右足爪白癬症	予測１
右足爪白癬症	予測２
右足爪白癬症	予測３
右肘打撲	予測１
右肘打撲	予測２
右肘打撲	予測３
細菌性眼内炎（右眼）	予測１
細菌性眼内炎（右眼）	予測２
細菌性眼内炎（右眼）	予測３
左後頭葉脳梗塞	予測１
左後頭葉脳梗塞	予測２
左後頭葉脳梗塞	予測３
右正中神経損傷	予測１
右正中神経損傷	予測２
右正中神経損傷	予測３
異石灰化腫瘤【腫瘍状石灰沈着症】	予測１
異石灰化腫瘤【腫瘍状石灰沈着症】	予測２
異石灰化腫瘤【腫瘍状石灰沈着症】	予測３
左横静脈洞血栓症	予測１
左横静脈洞血栓症	予測２
左横静脈洞血栓症	予測３
右陰嚢水腫	予測１
右陰嚢水腫	予測２
右陰嚢水腫	予測３
下壁誘導におけるST上昇	予測１
下壁誘導におけるST上昇	予測２
下壁誘導におけるST上昇	予測３
心弁置換手術	予測１
心弁置換手術	予測２
心弁置換手術	予測３
腹水増悪	予測１
腹水増悪	予測２
腹水増悪	予測３
HOTFLASH	予測１
HOTFLASH	予測２
HOTFLASH	予測３
冠動脈スパズム	予測１
冠動脈スパズム	予測２
冠動脈スパズム	予測３
胆石症術後	予測１
胆石症術後	予測２
胆石症術後	予測３
母趾圧痛	予測１
母趾圧痛	予測２
母趾圧痛	予測３
突発性腹痛	予測１
突発性腹痛	予測２
突発性腹痛	予測３
慢性蕁麻疹（全身）	予測１
慢性蕁麻疹（全身）	予測２
慢性蕁麻疹（全身）	予測３
黒色液体の嘔吐	予測１
黒色液体の嘔吐	予測２
黒色液体の嘔吐	予測３
消化管症状	予測１
消化管症状	予測２
消化管症状	予測３
頭部挫創	予測１
頭部挫創	予測２
頭部挫創	予測３
重症呼吸不全	予測１
重症呼吸不全	予測２
重症呼吸不全	予測３
２５才腸閉塞手術	予測１
２５才腸閉塞手術	予測２
２５才腸閉塞手術	予測３
心内血栓（一過性）	予測１
心内血栓（一過性）	予測２
心内血栓（一過性）	予測３
左前腕の重圧感	予測１
左前腕の重圧感	予測２
左前腕の重圧感	予測３
聴力（聴力低下）	予測１
聴力（聴力低下）	予測２
聴力（聴力低下）	予測３
穿刺部出血	予測１
穿刺部出血	予測２
穿刺部出血	予測３
CLASSSIC CNV	予測１
CLASSSIC CNV	予測２
CLASSSIC CNV	予測３
ＡＳＤ（心房中隔欠損症）	予測１
ＡＳＤ（心房中隔欠損症）	予測２
ＡＳＤ（心房中隔欠損症）	予測３
平成１２年１１月７日ゆ着はく離術腸管、大網、左卵巣子宮内膜症性のう胞のゆ着	予測１
平成１２年１１月７日ゆ着はく離術腸管、大網、左卵巣子宮内膜症性のう胞のゆ着	予測２
平成１２年１１月７日ゆ着はく離術腸管、大網、左卵巣子宮内膜症性のう胞のゆ着	予測３
胃粘膜のヒダ状白色肥厚	予測１
胃粘膜のヒダ状白色肥厚	予測２
胃粘膜のヒダ状白色肥厚	予測３
壊死性リンパ節炎	予測１
壊死性リンパ節炎	予測２
壊死性リンパ節炎	予測３
近視性脈絡膜新生血管	予測１
近視性脈絡膜新生血管	予測２
近視性脈絡膜新生血管	予測３
鼻出血 発現日不明	予測１
鼻出血 発現日不明	予測２
鼻出血 発現日不明	予測３
下肢ＤＶＴ	予測１
下肢ＤＶＴ	予測２
下肢ＤＶＴ	予測３
右腎出血性のう胞うたがい	予測１
右腎出血性のう胞うたがい	予測２
右腎出血性のう胞うたがい	予測３
幼少時に下痢で入院その時輸血を受ける	予測１
幼少時に下痢で入院その時輸血を受ける	予測２
幼少時に下痢で入院その時輸血を受ける	予測３
左足がだるい	予測１
左足がだるい	予測２
左足がだるい	予測３
咽頭が苦しい	予測１
咽頭が苦しい	予測２
咽頭が苦しい	予測３
手の甲の腫脹	予測１
手の甲の腫脹	予測２
手の甲の腫脹	予測３
睾丸腫瘍	予測１
睾丸腫瘍	予測２
睾丸腫瘍	予測３
イライラしやすい	予測１
イライラしやすい	予測２
イライラしやすい	予測３
足痛	予測１
足痛	予測２
足痛	予測３
消化管出血疑い	予測１
消化管出血疑い	予測２
消化管出血疑い	予測３
左第４指痛	予測１
左第４指痛	予測２
左第４指痛	予測３
左人工骨頭置換術後	予測１
左人工骨頭置換術後	予測２
左人工骨頭置換術後	予測３
右下腿皮下血腫	予測１
右下腿皮下血腫	予測２
右下腿皮下血腫	予測３
耐糖能悪化	予測１
耐糖能悪化	予測２
耐糖能悪化	予測３
喉のかわき	予測１
喉のかわき	予測２
喉のかわき	予測３
慢性肝炎（軽度、肝硬変は無い）	予測１
慢性肝炎（軽度、肝硬変は無い）	予測２
慢性肝炎（軽度、肝硬変は無い）	予測３
ＰｏｒｔａｌＨｙｐｅｒｔｅｎｓｉｖｅＧａｓｔｒｏｐａｔｈｙ	予測１
ＰｏｒｔａｌＨｙｐｅｒｔｅｎｓｉｖｅＧａｓｔｒｏｐａｔｈｙ	予測２
ＰｏｒｔａｌＨｙｐｅｒｔｅｎｓｉｖｅＧａｓｔｒｏｐａｔｈｙ	予測３
肝臓Γ線療法	予測１
肝臓Γ線療法	予測２
肝臓Γ線療法	予測３
甲状腺悪性リンパ腫	予測１
甲状腺悪性リンパ腫	予測２
甲状腺悪性リンパ腫	予測３
蓄膿症手術（２５才）（副鼻腔炎）	予測１
蓄膿症手術（２５才）（副鼻腔炎）	予測２
蓄膿症手術（２５才）（副鼻腔炎）	予測３
グルコース耐性境界型	予測１
グルコース耐性境界型	予測２
グルコース耐性境界型	予測３
陰部の不快感	予測１
陰部の不快感	予測２
陰部の不快感	予測３
死亡（敗血症）	予測１
死亡（敗血症）	予測２
死亡（敗血症）	予測３
月経の出血量が少ない	予測１
月経の出血量が少ない	予測２
月経の出血量が少ない	予測３
超急性期脳梗塞	予測１
超急性期脳梗塞	予測２
超急性期脳梗塞	予測３
早期慢性関節リウマチ	予測１
早期慢性関節リウマチ	予測２
早期慢性関節リウマチ	予測３
閃輝性硝子体融解	予測１
閃輝性硝子体融解	予測２
閃輝性硝子体融解	予測３
月経が多い	予測１
月経が多い	予測２
月経が多い	予測３
熱傷（右第Ⅱ～第Ⅳ指）	予測１
熱傷（右第Ⅱ～第Ⅳ指）	予測２
熱傷（右第Ⅱ～第Ⅳ指）	予測３
MALIGNANT MIXED GERM CELL TUMOR	予測１
MALIGNANT MIXED GERM CELL TUMOR	予測２
MALIGNANT MIXED GERM CELL TUMOR	予測３
横行結腸がん	予測１
横行結腸がん	予測２
横行結腸がん	予測３
心臓-その他(心尖部肥大型心筋症)	予測１
心臓-その他(心尖部肥大型心筋症)	予測２
心臓-その他(心尖部肥大型心筋症)	予測３
全身掻痒症	予測１
全身掻痒症	予測２
全身掻痒症	予測３
ＴＧ異常値	予測１
ＴＧ異常値	予測２
ＴＧ異常値	予測３
弾撥指（術後）	予測１
弾撥指（術後）	予測２
弾撥指（術後）	予測３
噴門癌	予測１
噴門癌	予測２
噴門癌	予測３
下腹部痛の増悪（月経時）	予測１
下腹部痛の増悪（月経時）	予測２
下腹部痛の増悪（月経時）	予測３
ＩＮＲ短縮	予測１
ＩＮＲ短縮	予測２
ＩＮＲ短縮	予測３
下痢症状	予測１
下痢症状	予測２
下痢症状	予測３
大腸ポリープ癌術後	予測１
大腸ポリープ癌術後	予測２
大腸ポリープ癌術後	予測３
続発性後天性低Γグロブリン血症	予測１
続発性後天性低Γグロブリン血症	予測２
続発性後天性低Γグロブリン血症	予測３
舌にウイルス	予測１
舌にウイルス	予測２
舌にウイルス	予測３
乳腺症（右）	予測１
乳腺症（右）	予測２
乳腺症（右）	予測３
腫瘍からの出血	予測１
腫瘍からの出血	予測２
腫瘍からの出血	予測３
下腿浮腫の増悪	予測１
下腿浮腫の増悪	予測２
下腿浮腫の増悪	予測３
高血圧（未治療）	予測１
高血圧（未治療）	予測２
高血圧（未治療）	予測３
目眩	予測１
目眩	予測２
目眩	予測３
尿が白っぽくなった	予測１
尿が白っぽくなった	予測２
尿が白っぽくなった	予測３
開腹原発巣切除	予測１
開腹原発巣切除	予測２
開腹原発巣切除	予測３
２００３年８月非機能性膵内分泌腫瘍	予測１
２００３年８月非機能性膵内分泌腫瘍	予測２
２００３年８月非機能性膵内分泌腫瘍	予測３
肋骨骨折（左）	予測１
肋骨骨折（左）	予測２
肋骨骨折（左）	予測３
ＤＭＮ	予測１
ＤＭＮ	予測２
ＤＭＮ	予測３
頸部リンパ節摘出術	予測１
頸部リンパ節摘出術	予測２
頸部リンパ節摘出術	予測３
発赤頭、顔面	予測１
発赤頭、顔面	予測２
発赤頭、顔面	予測３
漿液性網膜色素上皮剥離	予測１
漿液性網膜色素上皮剥離	予測２
漿液性網膜色素上皮剥離	予測３
ＰＢＣ（原発性胆汁性肝硬変症）	予測１
ＰＢＣ（原発性胆汁性肝硬変症）	予測２
ＰＢＣ（原発性胆汁性肝硬変症）	予測３
抗ＨＢＳ抗体陽性	予測１
抗ＨＢＳ抗体陽性	予測２
抗ＨＢＳ抗体陽性	予測３
腹腔内・縦隔リンパ節転移	予測１
腹腔内・縦隔リンパ節転移	予測２
腹腔内・縦隔リンパ節転移	予測３
賢炎	予測１
賢炎	予測２
賢炎	予測３
両側乳腺症	予測１
両側乳腺症	予測２
両側乳腺症	予測３
目の充血	予測１
目の充血	予測２
目の充血	予測３
包皮のかぶれ	予測１
包皮のかぶれ	予測２
包皮のかぶれ	予測３
左第二指爪剥離	予測１
左第二指爪剥離	予測２
左第二指爪剥離	予測３
子宮収縮増強	予測１
子宮収縮増強	予測２
子宮収縮増強	予測３
大網ゆ着はく離術	予測１
大網ゆ着はく離術	予測２
大網ゆ着はく離術	予測３
排尿時痛	予測１
排尿時痛	予測２
排尿時痛	予測３
虫垂切除（１７歳時）	予測１
虫垂切除（１７歳時）	予測２
虫垂切除（１７歳時）	予測３
かゆみ	予測１
かゆみ	予測２
かゆみ	予測３
左鎖骨遠位端骨折	予測１
左鎖骨遠位端骨折	予測２
左鎖骨遠位端骨折	予測３
頸髄中心性損傷	予測１
頸髄中心性損傷	予測２
頸髄中心性損傷	予測３
右変形性股関節の手術	予測１
右変形性股関節の手術	予測２
右変形性股関節の手術	予測３
随伴疾患進行ＮＯＳ	予測１
随伴疾患進行ＮＯＳ	予測２
随伴疾患進行ＮＯＳ	予測３
子宮筋腫（手術）	予測１
子宮筋腫（手術）	予測２
子宮筋腫（手術）	予測３
HCC(肝切除）	予測１
HCC(肝切除）	予測２
HCC(肝切除）	予測３
ＨａｎｄＦｏｏｔ症候群	予測１
ＨａｎｄＦｏｏｔ症候群	予測２
ＨａｎｄＦｏｏｔ症候群	予測３
角膜下出血	予測１
角膜下出血	予測２
角膜下出血	予測３
起立性調整障害（めまい、ふらつき）	予測１
起立性調整障害（めまい、ふらつき）	予測２
起立性調整障害（めまい、ふらつき）	予測３
発熱（細菌感染症疑い）	予測１
発熱（細菌感染症疑い）	予測２
発熱（細菌感染症疑い）	予測３
透析困難症	予測１
透析困難症	予測２
透析困難症	予測３
便秘ぎみ	予測１
便秘ぎみ	予測２
便秘ぎみ	予測３
血圧上昇（ＤＢＰ）	予測１
血圧上昇（ＤＢＰ）	予測２
血圧上昇（ＤＢＰ）	予測３
体の痛み	予測１
体の痛み	予測２
体の痛み	予測３
２６才胃潰瘍	予測１
２６才胃潰瘍	予測２
２６才胃潰瘍	予測３
血清ＴＰ高値	予測１
血清ＴＰ高値	予測２
血清ＴＰ高値	予測３
冠状動脈炎	予測１
冠状動脈炎	予測２
冠状動脈炎	予測３
ブルトン型無ガンマグロブリン血症	予測１
ブルトン型無ガンマグロブリン血症	予測２
ブルトン型無ガンマグロブリン血症	予測３
喉の腫れ	予測１
喉の腫れ	予測２
喉の腫れ	予測３
ふくらはぎに痛み	予測１
ふくらはぎに痛み	予測２
ふくらはぎに痛み	予測３
顔面裂傷、打撲【顔面打撲】	予測１
顔面裂傷、打撲【顔面打撲】	予測２
顔面裂傷、打撲【顔面打撲】	予測３
・高血圧	予測１
・高血圧	予測２
・高血圧	予測３
勃起障害	予測１
勃起障害	予測２
勃起障害	予測３
眼瞼異常	予測１
眼瞼異常	予測２
眼瞼異常	予測３
ＬＤＬコレステロール上昇	予測１
ＬＤＬコレステロール上昇	予測２
ＬＤＬコレステロール上昇	予測３
気管支喘息増悪	予測１
気管支喘息増悪	予測２
気管支喘息増悪	予測３
右腕筋肉痛	予測１
右腕筋肉痛	予測２
右腕筋肉痛	予測３
内臓逆位	予測１
内臓逆位	予測２
内臓逆位	予測３
乳癌術後	予測１
乳癌術後	予測２
乳癌術後	予測３
打撲症【右顔面および左大腿部】	予測１
打撲症【右顔面および左大腿部】	予測２
打撲症【右顔面および左大腿部】	予測３
脳卒中，Ｔｙｐｅ：心原性	予測１
脳卒中，Ｔｙｐｅ：心原性	予測２
脳卒中，Ｔｙｐｅ：心原性	予測３
出血下血	予測１
出血下血	予測２
出血下血	予測３
高し血症	予測１
高し血症	予測２
高し血症	予測３
吐血（コーヒー残渣様吐血）	予測１
吐血（コーヒー残渣様吐血）	予測２
吐血（コーヒー残渣様吐血）	予測３
左膝偽痛風	予測１
左膝偽痛風	予測２
左膝偽痛風	予測３
頭頸部-その他(異常なし)	予測１
頭頸部-その他(異常なし)	予測２
頭頸部-その他(異常なし)	予測３
肝障害、肝不全	予測１
肝障害、肝不全	予測２
肝障害、肝不全	予測３
手先のしびれ右第１指，２指	予測１
手先のしびれ右第１指，２指	予測２
手先のしびれ右第１指，２指	予測３
上半身打撲	予測１
上半身打撲	予測２
上半身打撲	予測３
ヘリコバクターピロリ菌感染症	予測１
ヘリコバクターピロリ菌感染症	予測２
ヘリコバクターピロリ菌感染症	予測３
右肺葉間水腫	予測１
右肺葉間水腫	予測２
右肺葉間水腫	予測３
原発不明癌再発なし	予測１
原発不明癌再発なし	予測２
原発不明癌再発なし	予測３
子宮内膜症３４才	予測１
子宮内膜症３４才	予測２
子宮内膜症３４才	予測３
変形性股関節症手術	予測１
変形性股関節症手術	予測２
変形性股関節症手術	予測３
陰性T（側壁）	予測１
陰性T（側壁）	予測２
陰性T（側壁）	予測３
放射線性肺炎	予測１
放射線性肺炎	予測２
放射線性肺炎	予測３
大腸炎の疑い	予測１
大腸炎の疑い	予測２
大腸炎の疑い	予測３
糖尿病（１９９４年）	予測１
糖尿病（１９９４年）	予測２
糖尿病（１９９４年）	予測３
右下肢静脈血栓	予測１
右下肢静脈血栓	予測２
右下肢静脈血栓	予測３
右拇指切創	予測１
右拇指切創	予測２
右拇指切創	予測３
左眼の視野異常	予測１
左眼の視野異常	予測２
左眼の視野異常	予測３
大腸ポリープ（腺腫）平成１９年２月２６日内視鏡的切除	予測１
大腸ポリープ（腺腫）平成１９年２月２６日内視鏡的切除	予測２
大腸ポリープ（腺腫）平成１９年２月２６日内視鏡的切除	予測３
左趾陥入爪の悪化	予測１
左趾陥入爪の悪化	予測２
左趾陥入爪の悪化	予測３
緑内症	予測１
緑内症	予測２
緑内症	予測３
感冒（微熱、鼻汁、咽頭痛）【感冒】	予測１
感冒（微熱、鼻汁、咽頭痛）【感冒】	予測２
感冒（微熱、鼻汁、咽頭痛）【感冒】	予測３
喉頭違和感	予測１
喉頭違和感	予測２
喉頭違和感	予測３
不安症	予測１
不安症	予測２
不安症	予測３
甲状腺機能低下症、治療中、チラーヂン２コ	予測１
甲状腺機能低下症、治療中、チラーヂン２コ	予測２
甲状腺機能低下症、治療中、チラーヂン２コ	予測３
過長月経＋不正出血	予測１
過長月経＋不正出血	予測２
過長月経＋不正出血	予測３
皮下出血が気になる	予測１
皮下出血が気になる	予測２
皮下出血が気になる	予測３
足底部硬化	予測１
足底部硬化	予測２
足底部硬化	予測３
二次性副甲状腺機能亢進症増悪	予測１
二次性副甲状腺機能亢進症増悪	予測２
二次性副甲状腺機能亢進症増悪	予測３
結腸憩室出血	予測１
結腸憩室出血	予測２
結腸憩室出血	予測３
指先の痛み	予測１
指先の痛み	予測２
指先の痛み	予測３
胃が重い	予測１
胃が重い	予測２
胃が重い	予測３
抹消神経障害	予測１
抹消神経障害	予測２
抹消神経障害	予測３
胃炎の予防	予測１
胃炎の予防	予測２
胃炎の予防	予測３
チョコレートのう腫手術（卵巣チョコレート嚢胞）	予測１
チョコレートのう腫手術（卵巣チョコレート嚢胞）	予測２
チョコレートのう腫手術（卵巣チョコレート嚢胞）	予測３
去痰【痰】	予測１
去痰【痰】	予測２
去痰【痰】	予測３
頭重感,頭痛	予測１
頭重感,頭痛	予測２
頭重感,頭痛	予測３
左痙性麻痺	予測１
左痙性麻痺	予測２
左痙性麻痺	予測３
消火器症状（胸焼け）	予測１
消火器症状（胸焼け）	予測２
消火器症状（胸焼け）	予測３
ＡＳＴ異常【上昇】	予測１
ＡＳＴ異常【上昇】	予測２
ＡＳＴ異常【上昇】	予測３
左心室性拡張障害	予測１
左心室性拡張障害	予測２
左心室性拡張障害	予測３
骨盤-その他-結腸直腸癌	予測１
骨盤-その他-結腸直腸癌	予測２
骨盤-その他-結腸直腸癌	予測３
低リンパ球症	予測１
低リンパ球症	予測２
低リンパ球症	予測３
詳細不明のＡＥ	予測１
詳細不明のＡＥ	予測２
詳細不明のＡＥ	予測３
術後グラフト閉塞	予測１
術後グラフト閉塞	予測２
術後グラフト閉塞	予測３
右眼瞼皮膚炎の再発	予測１
右眼瞼皮膚炎の再発	予測２
右眼瞼皮膚炎の再発	予測３
腹部大動脈閉塞（レリッシュ症候群）	予測１
腹部大動脈閉塞（レリッシュ症候群）	予測２
腹部大動脈閉塞（レリッシュ症候群）	予測３
骨盤内膿瘍	予測１
骨盤内膿瘍	予測２
骨盤内膿瘍	予測３
陰部のかゆみ	予測１
陰部のかゆみ	予測２
陰部のかゆみ	予測３
高血圧心疾患	予測１
高血圧心疾患	予測２
高血圧心疾患	予測３
低Ｔ３	予測１
低Ｔ３	予測２
低Ｔ３	予測３
ＧＰＴ５４	予測１
ＧＰＴ５４	予測２
ＧＰＴ５４	予測３
膀胱悪性腫瘍（Ｔａ）（ＴＵＲ－ＢＴ施行）	予測１
膀胱悪性腫瘍（Ｔａ）（ＴＵＲ－ＢＴ施行）	予測２
膀胱悪性腫瘍（Ｔａ）（ＴＵＲ－ＢＴ施行）	予測３
胆嚢のう胞	予測１
胆嚢のう胞	予測２
胆嚢のう胞	予測３
ｗＡＭＤ（左眼）	予測１
ｗＡＭＤ（左眼）	予測２
ｗＡＭＤ（左眼）	予測３
予防（制吐）	予測１
予防（制吐）	予測２
予防（制吐）	予測３
タン白尿	予測１
タン白尿	予測２
タン白尿	予測３
自己免疫性肝炎の疑い	予測１
自己免疫性肝炎の疑い	予測２
自己免疫性肝炎の疑い	予測３
左手指切断	予測１
左手指切断	予測２
左手指切断	予測３
治癒・切除不能な進行・再発の結腸・直腸癌	予測１
治癒・切除不能な進行・再発の結腸・直腸癌	予測２
治癒・切除不能な進行・再発の結腸・直腸癌	予測３
左小脳梗塞	予測１
左小脳梗塞	予測２
左小脳梗塞	予測３
めまい／ふらつき	予測１
めまい／ふらつき	予測２
めまい／ふらつき	予測３
幼少時に下痢発熱で入院その時輸血を受ける【発熱】	予測１
幼少時に下痢発熱で入院その時輸血を受ける【発熱】	予測２
幼少時に下痢発熱で入院その時輸血を受ける【発熱】	予測３
他院より死亡の連絡があったのみで詳細不明。	予測１
他院より死亡の連絡があったのみで詳細不明。	予測２
他院より死亡の連絡があったのみで詳細不明。	予測３
胆管癌術後	予測１
胆管癌術後	予測２
胆管癌術後	予測３
ＣＲＢＢＢ	予測１
ＣＲＢＢＢ	予測２
ＣＲＢＢＢ	予測３
皮膚症状（硬結）	予測１
皮膚症状（硬結）	予測２
皮膚症状（硬結）	予測３
右網膜中心静閉塞症	予測１
右網膜中心静閉塞症	予測２
右網膜中心静閉塞症	予測３
不整脈の悪化	予測１
不整脈の悪化	予測２
不整脈の悪化	予測３
死亡【肺癌】	予測１
死亡【肺癌】	予測２
死亡【肺癌】	予測３
糖尿病神経障害	予測１
糖尿病神経障害	予測２
糖尿病神経障害	予測３
外陰部のかゆみ	予測１
外陰部のかゆみ	予測２
外陰部のかゆみ	予測３
肩凝り症	予測１
肩凝り症	予測２
肩凝り症	予測３
第２色盲	予測１
第２色盲	予測２
第２色盲	予測３
術前・術後滅菌	予測１
術前・術後滅菌	予測２
術前・術後滅菌	予測３
軽労作で増強する動悸症状	予測１
軽労作で増強する動悸症状	予測２
軽労作で増強する動悸症状	予測３
ＯＳＡＳ	予測１
ＯＳＡＳ	予測２
ＯＳＡＳ	予測３
滲出型加齢黄斑変性（ＡＭＤ）	予測１
滲出型加齢黄斑変性（ＡＭＤ）	予測２
滲出型加齢黄斑変性（ＡＭＤ）	予測３
筋肉転移	予測１
筋肉転移	予測２
筋肉転移	予測３
ＡＭＹ上昇	予測１
ＡＭＹ上昇	予測２
ＡＭＹ上昇	予測３
包皮感染	予測１
包皮感染	予測２
包皮感染	予測３
アレルギーNOS	予測１
アレルギーNOS	予測２
アレルギーNOS	予測３
Ｓ状結腸癌手術	予測１
Ｓ状結腸癌手術	予測２
Ｓ状結腸癌手術	予測３
Ｈｃｔ低値	予測１
Ｈｃｔ低値	予測２
Ｈｃｔ低値	予測３
発疹（顔面、上肢、下肢）	予測１
発疹（顔面、上肢、下肢）	予測２
発疹（顔面、上肢、下肢）	予測３
手足皮膚症状（抗癌試験）	予測１
手足皮膚症状（抗癌試験）	予測２
手足皮膚症状（抗癌試験）	予測３
皮疹（頭）	予測１
皮疹（頭）	予測２
皮疹（頭）	予測３
良性頭位性眼振	予測１
良性頭位性眼振	予測２
良性頭位性眼振	予測３
尾状核出血	予測１
尾状核出血	予測２
尾状核出血	予測３
胆石症（５４才時手術）	予測１
胆石症（５４才時手術）	予測２
胆石症（５４才時手術）	予測３
プリモビストＥＯＢを投与したが造影効果が弱い	予測１
プリモビストＥＯＢを投与したが造影効果が弱い	予測２
プリモビストＥＯＢを投与したが造影効果が弱い	予測３
時に不整脈	予測１
時に不整脈	予測２
時に不整脈	予測３
乳房緊満（両側）	予測１
乳房緊満（両側）	予測２
乳房緊満（両側）	予測３
右片麻痺（不全）	予測１
右片麻痺（不全）	予測２
右片麻痺（不全）	予測３
両下肢しびれ感	予測１
両下肢しびれ感	予測２
両下肢しびれ感	予測３
過敏症素因（花粉症）	予測１
過敏症素因（花粉症）	予測２
過敏症素因（花粉症）	予測３
動脈血二酸化炭素分圧上昇	予測１
動脈血二酸化炭素分圧上昇	予測２
動脈血二酸化炭素分圧上昇	予測３
シャント部穿刺痛【静脈穿刺部痛】	予測１
シャント部穿刺痛【静脈穿刺部痛】	予測２
シャント部穿刺痛【静脈穿刺部痛】	予測３
深部静脈血栓塞栓症	予測１
深部静脈血栓塞栓症	予測２
深部静脈血栓塞栓症	予測３
体幹・下肢筋力低下	予測１
体幹・下肢筋力低下	予測２
体幹・下肢筋力低下	予測３
大腸がん（Ｏｐｅ後再発なし）	予測１
大腸がん（Ｏｐｅ後再発なし）	予測２
大腸がん（Ｏｐｅ後再発なし）	予測３
腸管の蠕動運動の低下	予測１
腸管の蠕動運動の低下	予測２
腸管の蠕動運動の低下	予測３
第13因子欠乏症	予測１
第13因子欠乏症	予測２
第13因子欠乏症	予測３
頚のはり	予測１
頚のはり	予測２
頚のはり	予測３
右腎癌、手術日（平成１２年１２月２７日）	予測１
右腎癌、手術日（平成１２年１２月２７日）	予測２
右腎癌、手術日（平成１２年１２月２７日）	予測３
体がカーッと暑くなる	予測１
体がカーッと暑くなる	予測２
体がカーッと暑くなる	予測３
腰筋痛症	予測１
腰筋痛症	予測２
腰筋痛症	予測３
血管外性細胞腫【血管周囲細胞腫】	予測１
血管外性細胞腫【血管周囲細胞腫】	予測２
血管外性細胞腫【血管周囲細胞腫】	予測３
白内障手術（IOL）(右眼)	予測１
白内障手術（IOL）(右眼)	予測２
白内障手術（IOL）(右眼)	予測３
ＶｉｔＣ欠乏症	予測１
ＶｉｔＣ欠乏症	予測２
ＶｉｔＣ欠乏症	予測３
ｉ－ＰＴＨ↑	予測１
ｉ－ＰＴＨ↑	予測２
ｉ－ＰＴＨ↑	予測３
変形性膝関節症による左膝痛	予測１
変形性膝関節症による左膝痛	予測２
変形性膝関節症による左膝痛	予測３
中心性漿液性脈絡膜網膜症	予測１
中心性漿液性脈絡膜網膜症	予測２
中心性漿液性脈絡膜網膜症	予測３
手術の実施（ポリペクトミー）	予測１
手術の実施（ポリペクトミー）	予測２
手術の実施（ポリペクトミー）	予測３
皮膚のかゆみと発疹	予測１
皮膚のかゆみと発疹	予測２
皮膚のかゆみと発疹	予測３
左腎嚢胞内出血	予測１
左腎嚢胞内出血	予測２
左腎嚢胞内出血	予測３
月経前症候群の予防のためにヤーズを処方された	予測１
月経前症候群の予防のためにヤーズを処方された	予測２
月経前症候群の予防のためにヤーズを処方された	予測３
生殖器・尿路:膀胱癌術後	予測１
生殖器・尿路:膀胱癌術後	予測２
生殖器・尿路:膀胱癌術後	予測３
父：高血圧	予測１
父：高血圧	予測２
父：高血圧	予測３
こむら返り(腓腹筋痙攣)	予測１
こむら返り(腓腹筋痙攣)	予測２
こむら返り(腓腹筋痙攣)	予測３
光感作されたＮＯＳ	予測１
光感作されたＮＯＳ	予測２
光感作されたＮＯＳ	予測３
左下腿血栓性静脈炎	予測１
左下腿血栓性静脈炎	予測２
左下腿血栓性静脈炎	予測３
帝王切開術３回	予測１
帝王切開術３回	予測２
帝王切開術３回	予測３
足がふらつく	予測１
足がふらつく	予測２
足がふらつく	予測３
脳静脈血栓症（CVST）	予測１
脳静脈血栓症（CVST）	予測２
脳静脈血栓症（CVST）	予測３
右下肢浮腫増悪	予測１
右下肢浮腫増悪	予測２
右下肢浮腫増悪	予測３
ポリペクトミー	予測１
ポリペクトミー	予測２
ポリペクトミー	予測３
胃癌（Ｓｔａｇｅ２ｃ）幽門側胃切除	予測１
胃癌（Ｓｔａｇｅ２ｃ）幽門側胃切除	予測２
胃癌（Ｓｔａｇｅ２ｃ）幽門側胃切除	予測３
喉から血が出た	予測１
喉から血が出た	予測２
喉から血が出た	予測３
食道の違和感	予測１
食道の違和感	予測２
食道の違和感	予測３
先天性胆道拡張症	予測１
先天性胆道拡張症	予測２
先天性胆道拡張症	予測３
リンの値が上がってきた	予測１
リンの値が上がってきた	予測２
リンの値が上がってきた	予測３
体が暖くなってくる感じ	予測１
体が暖くなってくる感じ	予測２
体が暖くなってくる感じ	予測３
糖尿病２型インシュリン投与	予測１
糖尿病２型インシュリン投与	予測２
糖尿病２型インシュリン投与	予測３
右網膜剥離（術後）	予測１
右網膜剥離（術後）	予測２
右網膜剥離（術後）	予測３
ａｐｐｅｔｉｔｅｌｏｓｓ	予測１
ａｐｐｅｔｉｔｅｌｏｓｓ	予測２
ａｐｐｅｔｉｔｅｌｏｓｓ	予測３
左副腎腫瘍摘出	予測１
左副腎腫瘍摘出	予測２
左副腎腫瘍摘出	予測３
緑膿菌菌血症	予測１
緑膿菌菌血症	予測２
緑膿菌菌血症	予測３
癌性疼痛の悪化	予測１
癌性疼痛の悪化	予測２
癌性疼痛の悪化	予測３
卵母細胞提供者	予測１
卵母細胞提供者	予測２
卵母細胞提供者	予測３
ビリルビン↑	予測１
ビリルビン↑	予測２
ビリルビン↑	予測３
１才背部熱傷	予測１
１才背部熱傷	予測２
１才背部熱傷	予測３
腰部椎間板ヘルニア手術	予測１
腰部椎間板ヘルニア手術	予測２
腰部椎間板ヘルニア手術	予測３
背部放射線皮膚炎	予測１
背部放射線皮膚炎	予測２
背部放射線皮膚炎	予測３
子宮体部明細胞腺癌	予測１
子宮体部明細胞腺癌	予測２
子宮体部明細胞腺癌	予測３
胃ポリープ切除術	予測１
胃ポリープ切除術	予測２
胃ポリープ切除術	予測３
マイクロブリーディング（左前頭葉）	予測１
マイクロブリーディング（左前頭葉）	予測２
マイクロブリーディング（左前頭葉）	予測３
紅潮	予測１
紅潮	予測２
紅潮	予測３
残肝部位からの出血	予測１
残肝部位からの出血	予測２
残肝部位からの出血	予測３
子宮筋腫（子宮摘出）	予測１
子宮筋腫（子宮摘出）	予測２
子宮筋腫（子宮摘出）	予測３
趾紅斑	予測１
趾紅斑	予測２
趾紅斑	予測３
足趾真菌症	予測１
足趾真菌症	予測２
足趾真菌症	予測３
脱出（紛失）【IUD脱出】	予測１
脱出（紛失）【IUD脱出】	予測２
脱出（紛失）【IUD脱出】	予測３
人工心肺	予測１
人工心肺	予測２
人工心肺	予測３
ふくらはぎがつった	予測１
ふくらはぎがつった	予測２
ふくらはぎがつった	予測３
発赤（顔）	予測１
発赤（顔）	予測２
発赤（顔）	予測３
右前頭葉血腫	予測１
右前頭葉血腫	予測２
右前頭葉血腫	予測３
心房内血栓症	予測１
心房内血栓症	予測２
心房内血栓症	予測３
陳旧性脳出血	予測１
陳旧性脳出血	予測２
陳旧性脳出血	予測３
皮下脂肪織炎	予測１
皮下脂肪織炎	予測２
皮下脂肪織炎	予測３
酔った感じ	予測１
酔った感じ	予測２
酔った感じ	予測３
腰椎狭窄	予測１
腰椎狭窄	予測２
腰椎狭窄	予測３
ミレーナ挿入後の頻繁な痙攣	予測１
ミレーナ挿入後の頻繁な痙攣	予測２
ミレーナ挿入後の頻繁な痙攣	予測３
慢性歯周炎の悪化	予測１
慢性歯周炎の悪化	予測２
慢性歯周炎の悪化	予測３
右腎腫瘍術後	予測１
右腎腫瘍術後	予測２
右腎腫瘍術後	予測３
喀痰分泌増加	予測１
喀痰分泌増加	予測２
喀痰分泌増加	予測３
てんかん大発作	予測１
てんかん大発作	予測２
てんかん大発作	予測３
下肢ツリ【筋痙攣】	予測１
下肢ツリ【筋痙攣】	予測２
下肢ツリ【筋痙攣】	予測３
皮疹（手、足、頭皮）	予測１
皮疹（手、足、頭皮）	予測２
皮疹（手、足、頭皮）	予測３
リパーゼ・アミラーゼ高値	予測１
リパーゼ・アミラーゼ高値	予測２
リパーゼ・アミラーゼ高値	予測３
鼻血（微量）	予測１
鼻血（微量）	予測２
鼻血（微量）	予測３
唇の皮が毎日むける	予測１
唇の皮が毎日むける	予測２
唇の皮が毎日むける	予測３
原発性肺がん	予測１
原発性肺がん	予測２
原発性肺がん	予測３
卵巣子宮内膜症嚢胞	予測１
卵巣子宮内膜症嚢胞	予測２
卵巣子宮内膜症嚢胞	予測３
シャント閉塞時	予測１
シャント閉塞時	予測２
シャント閉塞時	予測３
ｐｏｓｔＰＣＩ【経皮的冠動脈形成術】	予測１
ｐｏｓｔＰＣＩ【経皮的冠動脈形成術】	予測２
ｐｏｓｔＰＣＩ【経皮的冠動脈形成術】	予測３
口腔内アフタ	予測１
口腔内アフタ	予測２
口腔内アフタ	予測３
持続的尿潜血	予測１
持続的尿潜血	予測２
持続的尿潜血	予測３
高Ｃａ血症疑いにて造影ＣＴ検査	予測１
高Ｃａ血症疑いにて造影ＣＴ検査	予測２
高Ｃａ血症疑いにて造影ＣＴ検査	予測３
腫瘍内出血	予測１
腫瘍内出血	予測２
腫瘍内出血	予測３
嘔気胃部不快感	予測１
嘔気胃部不快感	予測２
嘔気胃部不快感	予測３
サイログロブリン値増加	予測１
サイログロブリン値増加	予測２
サイログロブリン値増加	予測３
血圧値上昇	予測１
血圧値上昇	予測２
血圧値上昇	予測３
左橈骨遠位端粉砕骨折	予測１
左橈骨遠位端粉砕骨折	予測２
左橈骨遠位端粉砕骨折	予測３
過敏腸症	予測１
過敏腸症	予測２
過敏腸症	予測３
２００８２／２０副腎摘除	予測１
２００８２／２０副腎摘除	予測２
２００８２／２０副腎摘除	予測３
骨盤内局所転移	予測１
骨盤内局所転移	予測２
骨盤内局所転移	予測３
舌の違和感	予測１
舌の違和感	予測２
舌の違和感	予測３
左尿管転移	予測１
左尿管転移	予測２
左尿管転移	予測３
糖尿病（投薬なし）	予測１
糖尿病（投薬なし）	予測２
糖尿病（投薬なし）	予測３
右卵巣腫瘍摘出（良性腫瘍）	予測１
右卵巣腫瘍摘出（良性腫瘍）	予測２
右卵巣腫瘍摘出（良性腫瘍）	予測３
ＣＫ－ＭＢ上昇	予測１
ＣＫ－ＭＢ上昇	予測２
ＣＫ－ＭＢ上昇	予測３
内服３０分後嘔吐	予測１
内服３０分後嘔吐	予測２
内服３０分後嘔吐	予測３
白内症	予測１
白内症	予測２
白内症	予測３
左口角膨隆感	予測１
左口角膨隆感	予測２
左口角膨隆感	予測３
乳腺のう胞症	予測１
乳腺のう胞症	予測２
乳腺のう胞症	予測３
胃の痛み	予測１
胃の痛み	予測２
胃の痛み	予測３
Ｃｌ低下	予測１
Ｃｌ低下	予測２
Ｃｌ低下	予測３
尿蛋白強陽性化	予測１
尿蛋白強陽性化	予測２
尿蛋白強陽性化	予測３
慢性腎臓症	予測１
慢性腎臓症	予測２
慢性腎臓症	予測３
左足第３趾痛	予測１
左足第３趾痛	予測２
左足第３趾痛	予測３
全身皮膚掻痒	予測１
全身皮膚掻痒	予測２
全身皮膚掻痒	予測３
好酸球値異常	予測１
好酸球値異常	予測２
好酸球値異常	予測３
多発性出血性脳梗塞	予測１
多発性出血性脳梗塞	予測２
多発性出血性脳梗塞	予測３
高血圧（６６才）	予測１
高血圧（６６才）	予測２
高血圧（６６才）	予測３
細胞診のための出血	予測１
細胞診のための出血	予測２
細胞診のための出血	予測３
右網膜中心静脈閉塞	予測１
右網膜中心静脈閉塞	予測２
右網膜中心静脈閉塞	予測３
右半身しびれ	予測１
右半身しびれ	予測２
右半身しびれ	予測３
肩が痛い	予測１
肩が痛い	予測２
肩が痛い	予測３
胸部大動脈瘤ステント	予測１
胸部大動脈瘤ステント	予測２
胸部大動脈瘤ステント	予測３
中性脂肪値上昇	予測１
中性脂肪値上昇	予測２
中性脂肪値上昇	予測３
猫アレルギー	予測１
猫アレルギー	予測２
猫アレルギー	予測３
急性胃腸炎の疑い	予測１
急性胃腸炎の疑い	予測２
急性胃腸炎の疑い	予測３
ＴＢｉｌ増加	予測１
ＴＢｉｌ増加	予測２
ＴＢｉｌ増加	予測３
悪寒戦慄	予測１
悪寒戦慄	予測２
悪寒戦慄	予測３
低Ｆｅ血症	予測１
低Ｆｅ血症	予測２
低Ｆｅ血症	予測３
口唇炎（口角が切れた）	予測１
口唇炎（口角が切れた）	予測２
口唇炎（口角が切れた）	予測３
虚血性心疾患(詳細不明1996年)	予測１
虚血性心疾患(詳細不明1996年)	予測２
虚血性心疾患(詳細不明1996年)	予測３
低カリウム性アルカローシス	予測１
低カリウム性アルカローシス	予測２
低カリウム性アルカローシス	予測３
左第２足指皮膚潰瘍	予測１
左第２足指皮膚潰瘍	予測２
左第２足指皮膚潰瘍	予測３
両膝変形性関節症	予測１
両膝変形性関節症	予測２
両膝変形性関節症	予測３
膀胱Ｋ	予測１
膀胱Ｋ	予測２
膀胱Ｋ	予測３
非Ｂ非Ｃ型肝硬変	予測１
非Ｂ非Ｃ型肝硬変	予測２
非Ｂ非Ｃ型肝硬変	予測３
亜鉛欠乏症	予測１
亜鉛欠乏症	予測２
亜鉛欠乏症	予測３
一過性の頭痛	予測１
一過性の頭痛	予測２
一過性の頭痛	予測３
腹部大動脈瘤切迫破裂	予測１
腹部大動脈瘤切迫破裂	予測２
腹部大動脈瘤切迫破裂	予測３
前立腺癌の為の化学療法	予測１
前立腺癌の為の化学療法	予測２
前立腺癌の為の化学療法	予測３
左尺骨の複雑骨折	予測１
左尺骨の複雑骨折	予測２
左尺骨の複雑骨折	予測３
顔面皮膚乾燥	予測１
顔面皮膚乾燥	予測２
顔面皮膚乾燥	予測３
肝動脈化学塞栓療法（ＴＡＣＥ）	予測１
肝動脈化学塞栓療法（ＴＡＣＥ）	予測２
肝動脈化学塞栓療法（ＴＡＣＥ）	予測３
粉瘤二次感染	予測１
粉瘤二次感染	予測２
粉瘤二次感染	予測３
大腿静脈血栓（産褥5日目）	予測１
大腿静脈血栓（産褥5日目）	予測２
大腿静脈血栓（産褥5日目）	予測３
より浮腫みやすくなった	予測１
より浮腫みやすくなった	予測２
より浮腫みやすくなった	予測３
心原性出血性脳塞栓症	予測１
心原性出血性脳塞栓症	予測２
心原性出血性脳塞栓症	予測３
ペースメーカ	予測１
ペースメーカ	予測２
ペースメーカ	予測３
膿疱（手、足）	予測１
膿疱（手、足）	予測２
膿疱（手、足）	予測３
ワーファリンとの相互作用	予測１
ワーファリンとの相互作用	予測２
ワーファリンとの相互作用	予測３
高クロール【高クロール血症】	予測１
高クロール【高クロール血症】	予測２
高クロール【高クロール血症】	予測３
好中球桿状球核球増多	予測１
好中球桿状球核球増多	予測２
好中球桿状球核球増多	予測３
下肢静脈ＣＴ	予測１
下肢静脈ＣＴ	予測２
下肢静脈ＣＴ	予測３
脳梗塞（右視床）	予測１
脳梗塞（右視床）	予測２
脳梗塞（右視床）	予測３
胃潰瘍(術後）	予測１
胃潰瘍(術後）	予測２
胃潰瘍(術後）	予測３
脱毛は有害事象とせず	予測１
脱毛は有害事象とせず	予測２
脱毛は有害事象とせず	予測３
右大腿部腫瘤	予測１
右大腿部腫瘤	予測２
右大腿部腫瘤	予測３
肝不全症状	予測１
肝不全症状	予測２
肝不全症状	予測３
梗塞【詳細不明】	予測１
梗塞【詳細不明】	予測２
梗塞【詳細不明】	予測３
血栓・塞栓症	予測１
血栓・塞栓症	予測２
血栓・塞栓症	予測３
両)びまん性表層角膜炎	予測１
両)びまん性表層角膜炎	予測２
両)びまん性表層角膜炎	予測３
薬剤性肺障害	予測１
薬剤性肺障害	予測２
薬剤性肺障害	予測３
透析困難症【冷汗】	予測１
透析困難症【冷汗】	予測２
透析困難症【冷汗】	予測３
喘息妹	予測１
喘息妹	予測２
喘息妹	予測３
ＤＭ性末梢神経障害【糖尿病性末梢神経障害】	予測１
ＤＭ性末梢神経障害【糖尿病性末梢神経障害】	予測２
ＤＭ性末梢神経障害【糖尿病性末梢神経障害】	予測３
両足底痛	予測１
両足底痛	予測２
両足底痛	予測３
急性骨髄性白血病（ＣＲ）	予測１
急性骨髄性白血病（ＣＲ）	予測２
急性骨髄性白血病（ＣＲ）	予測３
全身倦怠感	予測１
全身倦怠感	予測２
全身倦怠感	予測３
胸壁腫瘤摘出	予測１
胸壁腫瘤摘出	予測２
胸壁腫瘤摘出	予測３
切除不能肝細胞癌	予測１
切除不能肝細胞癌	予測２
切除不能肝細胞癌	予測３
プラビックスとの相互作用	予測１
プラビックスとの相互作用	予測２
プラビックスとの相互作用	予測３
両腎のう胞(後天性腎嚢胞である。)	予測１
両腎のう胞(後天性腎嚢胞である。)	予測２
両腎のう胞(後天性腎嚢胞である。)	予測３
骨盤骨折後遺症	予測１
骨盤骨折後遺症	予測２
骨盤骨折後遺症	予測３
45才右乳癌手術	予測１
45才右乳癌手術	予測２
45才右乳癌手術	予測３
腰椎椎間板ヘルニア術后	予測１
腰椎椎間板ヘルニア術后	予測２
腰椎椎間板ヘルニア術后	予測３
貧血の悪化	予測１
貧血の悪化	予測２
貧血の悪化	予測３
２０１０、１２／１１不眠症あり	予測１
２０１０、１２／１１不眠症あり	予測２
２０１０、１２／１１不眠症あり	予測３
前腕皮下出血	予測１
前腕皮下出血	予測２
前腕皮下出血	予測３
消化管間質腫瘍（食道）	予測１
消化管間質腫瘍（食道）	予測２
消化管間質腫瘍（食道）	予測３
神経障害	予測１
神経障害	予測２
神経障害	予測３
ＰＴの延長	予測１
ＰＴの延長	予測２
ＰＴの延長	予測３
２００４年Ｓ状結腸癌	予測１
２００４年Ｓ状結腸癌	予測２
２００４年Ｓ状結腸癌	予測３
造影ＰＥＴ／ＣＴ	予測１
造影ＰＥＴ／ＣＴ	予測２
造影ＰＥＴ／ＣＴ	予測３
無脾症	予測１
無脾症	予測２
無脾症	予測３
低Ｎａ血症（ＳＩＡＤＨ）	予測１
低Ｎａ血症（ＳＩＡＤＨ）	予測２
低Ｎａ血症（ＳＩＡＤＨ）	予測３
子宮内膜症手術（卵巣）	予測１
子宮内膜症手術（卵巣）	予測２
子宮内膜症手術（卵巣）	予測３
左上下肢打撲症	予測１
左上下肢打撲症	予測２
左上下肢打撲症	予測３
白内障の手術	予測１
白内障の手術	予測２
白内障の手術	予測３
腸間膜動脈閉塞、消化管穿孔	予測１
腸間膜動脈閉塞、消化管穿孔	予測２
腸間膜動脈閉塞、消化管穿孔	予測３
血栓	予測１
血栓	予測２
血栓	予測３
白血球減少、好中球減少	予測１
白血球減少、好中球減少	予測２
白血球減少、好中球減少	予測３
胃粘膜組織球症	予測１
胃粘膜組織球症	予測２
胃粘膜組織球症	予測３
骨粗鬆症に伴う疼痛	予測１
骨粗鬆症に伴う疼痛	予測２
骨粗鬆症に伴う疼痛	予測３
閉塞性イレウス	予測１
閉塞性イレウス	予測２
閉塞性イレウス	予測３
右冠動脈ＰＴＣＡステント留置	予測１
右冠動脈ＰＴＣＡステント留置	予測２
右冠動脈ＰＴＣＡステント留置	予測３
左胸部打撲	予測１
左胸部打撲	予測２
左胸部打撲	予測３
低Ｃａ	予測１
低Ｃａ	予測２
低Ｃａ	予測３
ＮＨ３上昇	予測１
ＮＨ３上昇	予測２
ＮＨ３上昇	予測３
爪白癖	予測１
爪白癖	予測２
爪白癖	予測３
脂漏性湿疹（下肢、背中）	予測１
脂漏性湿疹（下肢、背中）	予測２
脂漏性湿疹（下肢、背中）	予測３
左耳漏	予測１
左耳漏	予測２
左耳漏	予測３
中耳炎の悪化	予測１
中耳炎の悪化	予測２
中耳炎の悪化	予測３
遠位橈尺関節症	予測１
遠位橈尺関節症	予測２
遠位橈尺関節症	予測３
胃潰瘍から出血	予測１
胃潰瘍から出血	予測２
胃潰瘍から出血	予測３
神経因性膀胱前立肥大症	予測１
神経因性膀胱前立肥大症	予測２
神経因性膀胱前立肥大症	予測３
左精巣腫瘍（高位精巣摘除術後）	予測１
左精巣腫瘍（高位精巣摘除術後）	予測２
左精巣腫瘍（高位精巣摘除術後）	予測３
結滞、ふらつき	予測１
結滞、ふらつき	予測２
結滞、ふらつき	予測３
カンジダ膣炎	予測１
カンジダ膣炎	予測２
カンジダ膣炎	予測３
左頚動脈血栓症	予測１
左頚動脈血栓症	予測２
左頚動脈血栓症	予測３
前回悪化したため【RPE（網膜色素上皮）隆起増大】	予測１
前回悪化したため【RPE（網膜色素上皮）隆起増大】	予測２
前回悪化したため【RPE（網膜色素上皮）隆起増大】	予測３
右下顎下部膿瘍	予測１
右下顎下部膿瘍	予測２
右下顎下部膿瘍	予測３
左耳の重い感じ	予測１
左耳の重い感じ	予測２
左耳の重い感じ	予測３
ＣＫ－ＭＢの上昇	予測１
ＣＫ－ＭＢの上昇	予測２
ＣＫ－ＭＢの上昇	予測３
外傷性肋骨骨折	予測１
外傷性肋骨骨折	予測２
外傷性肋骨骨折	予測３
左中大脳動脈未破裂脳動脈瘤	予測１
左中大脳動脈未破裂脳動脈瘤	予測２
左中大脳動脈未破裂脳動脈瘤	予測３
胃炎の悪化	予測１
胃炎の悪化	予測２
胃炎の悪化	予測３
２００８年胃癌	予測１
２００８年胃癌	予測２
２００８年胃癌	予測３
冠動脈バイパス手術	予測１
冠動脈バイパス手術	予測２
冠動脈バイパス手術	予測３
結膜炎（左眼）	予測１
結膜炎（左眼）	予測２
結膜炎（左眼）	予測３
屈折矯正手術	予測１
屈折矯正手術	予測２
屈折矯正手術	予測３
不整脈（しめつけ感、胸部不快感、重苦しさ、動悸）	予測１
不整脈（しめつけ感、胸部不快感、重苦しさ、動悸）	予測２
不整脈（しめつけ感、胸部不快感、重苦しさ、動悸）	予測３
陽子線治療	予測１
陽子線治療	予測２
陽子線治療	予測３
右肝癌	予測１
右肝癌	予測２
右肝癌	予測３
慢性じんま疹	予測１
慢性じんま疹	予測２
慢性じんま疹	予測３
腫瘍融解症候群	予測１
腫瘍融解症候群	予測２
腫瘍融解症候群	予測３
右踵部裂傷	予測１
右踵部裂傷	予測２
右踵部裂傷	予測３
嘔吐下痢症【下痢症】	予測１
嘔吐下痢症【下痢症】	予測２
嘔吐下痢症【下痢症】	予測３
ヨードアレルギー	予測１
ヨードアレルギー	予測２
ヨードアレルギー	予測３
脊髄炎（感染なし）	予測１
脊髄炎（感染なし）	予測２
脊髄炎（感染なし）	予測３
血小板数増多	予測１
血小板数増多	予測２
血小板数増多	予測３
胸部、背中のかゆみ	予測１
胸部、背中のかゆみ	予測２
胸部、背中のかゆみ	予測３
右手背部皮下出血	予測１
右手背部皮下出血	予測２
右手背部皮下出血	予測３
肛門拡張ＮＯＳ	予測１
肛門拡張ＮＯＳ	予測２
肛門拡張ＮＯＳ	予測３
ウイリアムス症候群	予測１
ウイリアムス症候群	予測２
ウイリアムス症候群	予測３
二次性副甲状腺機能亢進の悪化	予測１
二次性副甲状腺機能亢進の悪化	予測２
二次性副甲状腺機能亢進の悪化	予測３
分化型甲状腺癌（乳頭癌）	予測１
分化型甲状腺癌（乳頭癌）	予測２
分化型甲状腺癌（乳頭癌）	予測３
右）結膜炎	予測１
右）結膜炎	予測２
右）結膜炎	予測３
手足のつり【筋痙攣】	予測１
手足のつり【筋痙攣】	予測２
手足のつり【筋痙攣】	予測３
死亡【詳細不明】	予測１
死亡【詳細不明】	予測２
死亡【詳細不明】	予測３
ｇａｓｔｒｉｃ ｘａｎｔｈｏｍａ	予測１
ｇａｓｔｒｉｃ ｘａｎｔｈｏｍａ	予測２
ｇａｓｔｒｉｃ ｘａｎｔｈｏｍａ	予測３
糖尿病（インスリン治療中）	予測１
糖尿病（インスリン治療中）	予測２
糖尿病（インスリン治療中）	予測３
しぶり腹	予測１
しぶり腹	予測２
しぶり腹	予測３
膵頭部仮性嚢胞疑い	予測１
膵頭部仮性嚢胞疑い	予測２
膵頭部仮性嚢胞疑い	予測３
腎盂腎炎（慢性）	予測１
腎盂腎炎（慢性）	予測２
腎盂腎炎（慢性）	予測３
分化型甲状腺癌（低分化癌）	予測１
分化型甲状腺癌（低分化癌）	予測２
分化型甲状腺癌（低分化癌）	予測３
心筋梗塞（ＰＣＩ後）	予測１
心筋梗塞（ＰＣＩ後）	予測２
心筋梗塞（ＰＣＩ後）	予測３
足踵角化症	予測１
足踵角化症	予測２
足踵角化症	予測３
左肩挙上時の疼痛	予測１
左肩挙上時の疼痛	予測２
左肩挙上時の疼痛	予測３
むかつき	予測１
むかつき	予測２
むかつき	予測３
軽度肝障害	予測１
軽度肝障害	予測２
軽度肝障害	予測３
認痴症	予測１
認痴症	予測２
認痴症	予測３
微量タンパク尿	予測１
微量タンパク尿	予測２
微量タンパク尿	予測３
左手関節骨折	予測１
左手関節骨折	予測２
左手関節骨折	予測３
顔面膨隆疹	予測１
顔面膨隆疹	予測２
顔面膨隆疹	予測３
仮性膵のう胞	予測１
仮性膵のう胞	予測２
仮性膵のう胞	予測３
おむつかぶれ	予測１
おむつかぶれ	予測２
おむつかぶれ	予測３
脳梗塞歴あり	予測１
脳梗塞歴あり	予測２
脳梗塞歴あり	予測３
発赤の悪化	予測１
発赤の悪化	予測２
発赤の悪化	予測３
膵頭部嚢胞性腫瘤	予測１
膵頭部嚢胞性腫瘤	予測２
膵頭部嚢胞性腫瘤	予測３
右肘内出血【皮下出血】	予測１
右肘内出血【皮下出血】	予測２
右肘内出血【皮下出血】	予測３
鉄欠乏性貧血進行進行胃がん	予測１
鉄欠乏性貧血進行進行胃がん	予測２
鉄欠乏性貧血進行進行胃がん	予測３
ムカムカ感	予測１
ムカムカ感	予測２
ムカムカ感	予測３
血液学的異常	予測１
血液学的異常	予測２
血液学的異常	予測３
消化器:便秘	予測１
消化器:便秘	予測２
消化器:便秘	予測３
ボディスキャンで筋肉量の増加がなく、脂肪量が上がり続けている	予測１
ボディスキャンで筋肉量の増加がなく、脂肪量が上がり続けている	予測２
ボディスキャンで筋肉量の増加がなく、脂肪量が上がり続けている	予測３
ＳＳＳ	予測１
ＳＳＳ	予測２
ＳＳＳ	予測３
のどのかわき	予測１
のどのかわき	予測２
のどのかわき	予測３
本態性高血圧	予測１
本態性高血圧	予測２
本態性高血圧	予測３
左腎臓摘出術施行	予測１
左腎臓摘出術施行	予測２
左腎臓摘出術施行	予測３
両）増殖前糖尿病網膜症	予測１
両）増殖前糖尿病網膜症	予測２
両）増殖前糖尿病網膜症	予測３
重複症候群	予測１
重複症候群	予測２
重複症候群	予測３
高血圧（大動脈解離）	予測１
高血圧（大動脈解離）	予測２
高血圧（大動脈解離）	予測３
右肘皮下出血	予測１
右肘皮下出血	予測２
右肘皮下出血	予測３
術後疼痛緩和	予測１
術後疼痛緩和	予測２
術後疼痛緩和	予測３
胃悪性リンパ腫	予測１
胃悪性リンパ腫	予測２
胃悪性リンパ腫	予測３
ｍＣＮＶ（右眼）	予測１
ｍＣＮＶ（右眼）	予測２
ｍＣＮＶ（右眼）	予測３
末梢神経症	予測１
末梢神経症	予測２
末梢神経症	予測３
血便（わずかな出血）	予測１
血便（わずかな出血）	予測２
血便（わずかな出血）	予測３
組織腫脹ＮＯＳ	予測１
組織腫脹ＮＯＳ	予測２
組織腫脹ＮＯＳ	予測３
腹部-脾臓-脾血管腫	予測１
腹部-脾臓-脾血管腫	予測２
腹部-脾臓-脾血管腫	予測３
女性更年期状態	予測１
女性更年期状態	予測２
女性更年期状態	予測３
尿蛋白高値	予測１
尿蛋白高値	予測２
尿蛋白高値	予測３
敗血症ショック	予測１
敗血症ショック	予測２
敗血症ショック	予測３
大腿部膨疹	予測１
大腿部膨疹	予測２
大腿部膨疹	予測３
一過性ネフローゼ症候群	予測１
一過性ネフローゼ症候群	予測２
一過性ネフローゼ症候群	予測３
生理前のお腹の張り	予測１
生理前のお腹の張り	予測２
生理前のお腹の張り	予測３
核崩壊ＮＯＳ	予測１
核崩壊ＮＯＳ	予測２
核崩壊ＮＯＳ	予測３
痛風による？	予測１
痛風による？	予測２
痛風による？	予測３
ＧＰＴ値高値	予測１
ＧＰＴ値高値	予測２
ＧＰＴ値高値	予測３
咽頭腫瘍	予測１
咽頭腫瘍	予測２
咽頭腫瘍	予測３
体中が痛い	予測１
体中が痛い	予測２
体中が痛い	予測３
冷え症【末梢冷感】	予測１
冷え症【末梢冷感】	予測２
冷え症【末梢冷感】	予測３
ＣＯ中毒	予測１
ＣＯ中毒	予測２
ＣＯ中毒	予測３
嘔気＋複視	予測１
嘔気＋複視	予測２
嘔気＋複視	予測３
大腸癌43歳手術、詳細不明	予測１
大腸癌43歳手術、詳細不明	予測２
大腸癌43歳手術、詳細不明	予測３
裂離骨折	予測１
裂離骨折	予測２
裂離骨折	予測３
二次性副甲状腺機能亢進症コントロール不良	予測１
二次性副甲状腺機能亢進症コントロール不良	予測２
二次性副甲状腺機能亢進症コントロール不良	予測３
糖尿病黄斑浮腫（右眼）	予測１
糖尿病黄斑浮腫（右眼）	予測２
糖尿病黄斑浮腫（右眼）	予測３
右下肢麻痺	予測１
右下肢麻痺	予測２
右下肢麻痺	予測３
高血圧（オルメティック１０ｍｇ×３Ｔ）	予測１
高血圧（オルメティック１０ｍｇ×３Ｔ）	予測２
高血圧（オルメティック１０ｍｇ×３Ｔ）	予測３
投与に伴う反応ＮＯＳ	予測１
投与に伴う反応ＮＯＳ	予測２
投与に伴う反応ＮＯＳ	予測３
左腰背部痛	予測１
左腰背部痛	予測２
左腰背部痛	予測３
脈拍が上昇	予測１
脈拍が上昇	予測２
脈拍が上昇	予測３
左足皮膚潰瘍	予測１
左足皮膚潰瘍	予測２
左足皮膚潰瘍	予測３
食道癌に対し化学療法	予測１
食道癌に対し化学療法	予測２
食道癌に対し化学療法	予測３
挫傷による下肢の出血	予測１
挫傷による下肢の出血	予測２
挫傷による下肢の出血	予測３
脳動脈瘤（左中大脳動脈）	予測１
脳動脈瘤（左中大脳動脈）	予測２
脳動脈瘤（左中大脳動脈）	予測３
治癒切除不能な進行・再発の結腸直腸癌	予測１
治癒切除不能な進行・再発の結腸直腸癌	予測２
治癒切除不能な進行・再発の結腸直腸癌	予測３
鬱血性心不全	予測１
鬱血性心不全	予測２
鬱血性心不全	予測３
下行結腸切除	予測１
下行結腸切除	予測２
下行結腸切除	予測３
乾燥性角結膜炎	予測１
乾燥性角結膜炎	予測２
乾燥性角結膜炎	予測３
内視鏡的結腸粘膜切除術	予測１
内視鏡的結腸粘膜切除術	予測２
内視鏡的結腸粘膜切除術	予測３
右完全片麻痺	予測１
右完全片麻痺	予測２
右完全片麻痺	予測３
歯周病の悪化	予測１
歯周病の悪化	予測２
歯周病の悪化	予測３
総胆管結石症術後	予測１
総胆管結石症術後	予測２
総胆管結石症術後	予測３
子宮筋腫全摘術後	予測１
子宮筋腫全摘術後	予測２
子宮筋腫全摘術後	予測３
膵体部腫瘍	予測１
膵体部腫瘍	予測２
膵体部腫瘍	予測３
難聴傾向	予測１
難聴傾向	予測２
難聴傾向	予測３
左上腕骨顆部開放骨折	予測１
左上腕骨顆部開放骨折	予測２
左上腕骨顆部開放骨折	予測３
骨盤-粘液性嚢胞腺腫	予測１
骨盤-粘液性嚢胞腺腫	予測２
骨盤-粘液性嚢胞腺腫	予測３
四肢・血管・その他:慢性関節リウマチ	予測１
四肢・血管・その他:慢性関節リウマチ	予測２
四肢・血管・その他:慢性関節リウマチ	予測３
上顎、下顎骨からの出血	予測１
上顎、下顎骨からの出血	予測２
上顎、下顎骨からの出血	予測３
左膝血腫	予測１
左膝血腫	予測２
左膝血腫	予測３
Ｕ－アミラーゼ上昇	予測１
Ｕ－アミラーゼ上昇	予測２
Ｕ－アミラーゼ上昇	予測３
左耳垢塞栓	予測１
左耳垢塞栓	予測２
左耳垢塞栓	予測３
左足が痛い	予測１
左足が痛い	予測２
左足が痛い	予測３
子宮頸部細菌感染	予測１
子宮頸部細菌感染	予測２
子宮頸部細菌感染	予測３
管状腺腫	予測１
管状腺腫	予測２
管状腺腫	予測３
大型脳底動脈本幹部動脈瘤	予測１
大型脳底動脈本幹部動脈瘤	予測２
大型脳底動脈本幹部動脈瘤	予測３
自覚的な暗点拡大	予測１
自覚的な暗点拡大	予測２
自覚的な暗点拡大	予測３
子供が誤服用	予測１
子供が誤服用	予測２
子供が誤服用	予測３
ＨＬの悪化	予測１
ＨＬの悪化	予測２
ＨＬの悪化	予測３
ＴＧが高い	予測１
ＴＧが高い	予測２
ＴＧが高い	予測３
関節痛（右膝、右股関節	予測１
関節痛（右膝、右股関節	予測２
関節痛（右膝、右股関節	予測３
膣の掻痒	予測１
膣の掻痒	予測２
膣の掻痒	予測３
左ソケイ部リンパ節転移	予測１
左ソケイ部リンパ節転移	予測２
左ソケイ部リンパ節転移	予測３
冷凍療法	予測１
冷凍療法	予測２
冷凍療法	予測３
ＣＫ（ＣＰＫ）上昇	予測１
ＣＫ（ＣＰＫ）上昇	予測２
ＣＫ（ＣＰＫ）上昇	予測３
消化器症状（嘔吐）	予測１
消化器症状（嘔吐）	予測２
消化器症状（嘔吐）	予測３
嚢胞内出血	予測１
嚢胞内出血	予測２
嚢胞内出血	予測３
切開に伴う出血	予測１
切開に伴う出血	予測２
切開に伴う出血	予測３
感染徴候	予測１
感染徴候	予測２
感染徴候	予測３
膵癌R/O	予測１
膵癌R/O	予測２
膵癌R/O	予測３
尿の黒色着色	予測１
尿の黒色着色	予測２
尿の黒色着色	予測３
肝血管腫（ギ）ＵＳでｍａｓｓｐ／ｏ	予測１
肝血管腫（ギ）ＵＳでｍａｓｓｐ／ｏ	予測２
肝血管腫（ギ）ＵＳでｍａｓｓｐ／ｏ	予測３
足がむくむ	予測１
足がむくむ	予測２
足がむくむ	予測３
常性硬腫瘤	予測１
常性硬腫瘤	予測２
常性硬腫瘤	予測３
右肩打撲後皮下出血	予測１
右肩打撲後皮下出血	予測２
右肩打撲後皮下出血	予測３
腕病的骨折	予測１
腕病的骨折	予測２
腕病的骨折	予測３
右乳癌手術後（Ｈ１０．７月）	予測１
右乳癌手術後（Ｈ１０．７月）	予測２
右乳癌手術後（Ｈ１０．７月）	予測３
造影剤による紅班	予測１
造影剤による紅班	予測２
造影剤による紅班	予測３
左前腕部切創	予測１
左前腕部切創	予測２
左前腕部切創	予測３
消化器症状（胃の違和感）出現の為	予測１
消化器症状（胃の違和感）出現の為	予測２
消化器症状（胃の違和感）出現の為	予測３
肝機能障害２４才時	予測１
肝機能障害２４才時	予測２
肝機能障害２４才時	予測３
内シャント創部痛（術後痛）	予測１
内シャント創部痛（術後痛）	予測２
内シャント創部痛（術後痛）	予測３
子どもが誤飲	予測１
子どもが誤飲	予測２
子どもが誤飲	予測３
骨盤骨骨折	予測１
骨盤骨骨折	予測２
骨盤骨骨折	予測３
舌尖しびれ感	予測１
舌尖しびれ感	予測２
舌尖しびれ感	予測３
鶏眼（足）	予測１
鶏眼（足）	予測２
鶏眼（足）	予測３
ＩＮＲ値の延長	予測１
ＩＮＲ値の延長	予測２
ＩＮＲ値の延長	予測３
痰、咳嗽	予測１
痰、咳嗽	予測２
痰、咳嗽	予測３
慢性湿疹（シャント肢）	予測１
慢性湿疹（シャント肢）	予測２
慢性湿疹（シャント肢）	予測３
右肘部発赤	予測１
右肘部発赤	予測２
右肘部発赤	予測３
食欲低下（不振）	予測１
食欲低下（不振）	予測２
食欲低下（不振）	予測３
高度伝導障害	予測１
高度伝導障害	予測２
高度伝導障害	予測３
高アルカリホスファターゼ症	予測１
高アルカリホスファターゼ症	予測２
高アルカリホスファターゼ症	予測３
粘膜症状	予測１
粘膜症状	予測２
粘膜症状	予測３
後頭部のもやもや感	予測１
後頭部のもやもや感	予測２
後頭部のもやもや感	予測３
胃潰瘍の予防	予測１
胃潰瘍の予防	予測２
胃潰瘍の予防	予測３
肺結かく	予測１
肺結かく	予測２
肺結かく	予測３
左頚動脈アテローム硬化症	予測１
左頚動脈アテローム硬化症	予測２
左頚動脈アテローム硬化症	予測３
ネクサバール再投与での高血圧悪化	予測１
ネクサバール再投与での高血圧悪化	予測２
ネクサバール再投与での高血圧悪化	予測３
胸苦	予測１
胸苦	予測２
胸苦	予測３
ＨＣＶ関連腎炎	予測１
ＨＣＶ関連腎炎	予測２
ＨＣＶ関連腎炎	予測３
手掌のかさつき	予測１
手掌のかさつき	予測２
手掌のかさつき	予測３
右鼠径部感染症	予測１
右鼠径部感染症	予測２
右鼠径部感染症	予測３
ＮＳＡＩＤ潰瘍	予測１
ＮＳＡＩＤ潰瘍	予測２
ＮＳＡＩＤ潰瘍	予測３
Ｃａ低値	予測１
Ｃａ低値	予測２
Ｃａ低値	予測３
薬剤性ニューロパチー	予測１
薬剤性ニューロパチー	予測２
薬剤性ニューロパチー	予測３
精神不安	予測１
精神不安	予測２
精神不安	予測３
術後せん妄	予測１
術後せん妄	予測２
術後せん妄	予測３
LIPID DISORDER(脂質異常症)	予測１
LIPID DISORDER(脂質異常症)	予測２
LIPID DISORDER(脂質異常症)	予測３
胆のう腫瘍	予測１
胆のう腫瘍	予測２
胆のう腫瘍	予測３
糖尿病網膜症（単純、両眼）	予測１
糖尿病網膜症（単純、両眼）	予測２
糖尿病網膜症（単純、両眼）	予測３
左母趾末節骨骨折	予測１
左母趾末節骨骨折	予測２
左母趾末節骨骨折	予測３
ざ瘡性	予測１
ざ瘡性	予測２
ざ瘡性	予測３
血中リパーゼ値上昇	予測１
血中リパーゼ値上昇	予測２
血中リパーゼ値上昇	予測３
右手外傷後の疼痛【右手外傷後の疼痛】	予測１
右手外傷後の疼痛【右手外傷後の疼痛】	予測２
右手外傷後の疼痛【右手外傷後の疼痛】	予測３
僧帽弁狭窄手術後	予測１
僧帽弁狭窄手術後	予測２
僧帽弁狭窄手術後	予測３
手の甲の出血	予測１
手の甲の出血	予測２
手の甲の出血	予測３
横紋筋融解	予測１
横紋筋融解	予測２
横紋筋融解	予測３
Ｄダイマー値の上昇	予測１
Ｄダイマー値の上昇	予測２
Ｄダイマー値の上昇	予測３
体幹掻痒感	予測１
体幹掻痒感	予測２
体幹掻痒感	予測３
塞栓後症候群	予測１
塞栓後症候群	予測２
塞栓後症候群	予測３
激しい腰痛	予測１
激しい腰痛	予測２
激しい腰痛	予測３
重症膵炎	予測１
重症膵炎	予測２
重症膵炎	予測３
前立腺肥大レーザー治療	予測１
前立腺肥大レーザー治療	予測２
前立腺肥大レーザー治療	予測３
腸内細菌叢異常症	予測１
腸内細菌叢異常症	予測２
腸内細菌叢異常症	予測３
単純疱疹	予測１
単純疱疹	予測２
単純疱疹	予測３
下気道炎	予測１
下気道炎	予測２
下気道炎	予測３
頸動脈ステント留置術	予測１
頸動脈ステント留置術	予測２
頸動脈ステント留置術	予測３
性器出血（子宮内膜細胞診のため）	予測１
性器出血（子宮内膜細胞診のため）	予測２
性器出血（子宮内膜細胞診のため）	予測３
癲癇	予測１
癲癇	予測２
癲癇	予測３
皮フ潰瘍悪化	予測１
皮フ潰瘍悪化	予測２
皮フ潰瘍悪化	予測３
頭痛の悪化	予測１
頭痛の悪化	予測２
頭痛の悪化	予測３
右手第一指痛	予測１
右手第一指痛	予測２
右手第一指痛	予測３
甲状腺濾胞癌	予測１
甲状腺濾胞癌	予測２
甲状腺濾胞癌	予測３
ほてり（顔）	予測１
ほてり（顔）	予測２
ほてり（顔）	予測３
家族性脂質異常症	予測１
家族性脂質異常症	予測２
家族性脂質異常症	予測３
多数歯う蝕	予測１
多数歯う蝕	予測２
多数歯う蝕	予測３
結膜出血疑い	予測１
結膜出血疑い	予測２
結膜出血疑い	予測３
尿が紫青色	予測１
尿が紫青色	予測２
尿が紫青色	予測３
広範脊柱管狭窄症	予測１
広範脊柱管狭窄症	予測２
広範脊柱管狭窄症	予測３
左上下肢痺れ	予測１
左上下肢痺れ	予測２
左上下肢痺れ	予測３
耳下腺腫瘍手術	予測１
耳下腺腫瘍手術	予測２
耳下腺腫瘍手術	予測３
爪下出血（左足の指の爪）	予測１
爪下出血（左足の指の爪）	予測２
爪下出血（左足の指の爪）	予測３
後頸部つれ【筋痙攣】	予測１
後頸部つれ【筋痙攣】	予測２
後頸部つれ【筋痙攣】	予測３
カンピロバクター性食中毒	予測１
カンピロバクター性食中毒	予測２
カンピロバクター性食中毒	予測３
爪下出血	予測１
爪下出血	予測２
爪下出血	予測３
Ｔ４上昇	予測１
Ｔ４上昇	予測２
Ｔ４上昇	予測３
狭心症（バイパス術後）	予測１
狭心症（バイパス術後）	予測２
狭心症（バイパス術後）	予測３
胃癌（平成１９年７月３日切除）	予測１
胃癌（平成１９年７月３日切除）	予測２
胃癌（平成１９年７月３日切除）	予測３
右側胸部打撲	予測１
右側胸部打撲	予測２
右側胸部打撲	予測３
ＴＧ↑	予測１
ＴＧ↑	予測２
ＴＧ↑	予測３
上部消化管出血予防	予測１
上部消化管出血予防	予測２
上部消化管出血予防	予測３
陳旧性視床出血	予測１
陳旧性視床出血	予測２
陳旧性視床出血	予測３
右足踵痛	予測１
右足踵痛	予測２
右足踵痛	予測３
毛細管出血	予測１
毛細管出血	予測２
毛細管出血	予測３
左腎細胞癌疑い	予測１
左腎細胞癌疑い	予測２
左腎細胞癌疑い	予測３
自絞死	予測１
自絞死	予測２
自絞死	予測３
膝関節血腫	予測１
膝関節血腫	予測２
膝関節血腫	予測３
ＨＴ（高血圧）	予測１
ＨＴ（高血圧）	予測２
ＨＴ（高血圧）	予測３
特発性心筋症	予測１
特発性心筋症	予測２
特発性心筋症	予測３
両糖尿病性白内障	予測１
両糖尿病性白内障	予測２
両糖尿病性白内障	予測３
凝固系検査異常変動（ＰＴ低下、ＡＰＴＴ低下、プロテインＳ低下）	予測１
凝固系検査異常変動（ＰＴ低下、ＡＰＴＴ低下、プロテインＳ低下）	予測２
凝固系検査異常変動（ＰＴ低下、ＡＰＴＴ低下、プロテインＳ低下）	予測３
尿酸値高値	予測１
尿酸値高値	予測２
尿酸値高値	予測３
（下痢に伴う）腹痛	予測１
（下痢に伴う）腹痛	予測２
（下痢に伴う）腹痛	予測３
背中のはり	予測１
背中のはり	予測２
背中のはり	予測３
Ｈｔ値低下（ヘマトクリット値低下）	予測１
Ｈｔ値低下（ヘマトクリット値低下）	予測２
Ｈｔ値低下（ヘマトクリット値低下）	予測３
歯肉腫脹の悪化	予測１
歯肉腫脹の悪化	予測２
歯肉腫脹の悪化	予測３
左角膜異物	予測１
左角膜異物	予測２
左角膜異物	予測３
ＰＭＳ（嘔気、めまい、頭痛）	予測１
ＰＭＳ（嘔気、めまい、頭痛）	予測２
ＰＭＳ（嘔気、めまい、頭痛）	予測３
無尿症	予測１
無尿症	予測２
無尿症	予測３
シャント部の易出血	予測１
シャント部の易出血	予測２
シャント部の易出血	予測３
痰に血が混じる	予測１
痰に血が混じる	予測２
痰に血が混じる	予測３
誤嚥性びまん性気管支肺炎	予測１
誤嚥性びまん性気管支肺炎	予測２
誤嚥性びまん性気管支肺炎	予測３
手足皮膚落屑	予測１
手足皮膚落屑	予測２
手足皮膚落屑	予測３
Ｐ低下（リン低下）	予測１
Ｐ低下（リン低下）	予測２
Ｐ低下（リン低下）	予測３
手掌・足底の皮膚の落屑	予測１
手掌・足底の皮膚の落屑	予測２
手掌・足底の皮膚の落屑	予測３
趾潰瘍（左足背，左第ニ・三・五趾）	予測１
趾潰瘍（左足背，左第ニ・三・五趾）	予測２
趾潰瘍（左足背，左第ニ・三・五趾）	予測３
両動脈硬化性眼底	予測１
両動脈硬化性眼底	予測２
両動脈硬化性眼底	予測３
皮膚化膿創（先行するインターフェロン注射部位の皮膚化膿創）	予測１
皮膚化膿創（先行するインターフェロン注射部位の皮膚化膿創）	予測２
皮膚化膿創（先行するインターフェロン注射部位の皮膚化膿創）	予測３
骨ページェット	予測１
骨ページェット	予測２
骨ページェット	予測３
下肢動脈瘤	予測１
下肢動脈瘤	予測２
下肢動脈瘤	予測３
背筋痛	予測１
背筋痛	予測２
背筋痛	予測３
皮膚の硬結	予測１
皮膚の硬結	予測２
皮膚の硬結	予測３
Ｔ．Ｂｉｌ値上昇	予測１
Ｔ．Ｂｉｌ値上昇	予測２
Ｔ．Ｂｉｌ値上昇	予測３
皮膚発疹	予測１
皮膚発疹	予測２
皮膚発疹	予測３
右肩腱板損傷	予測１
右肩腱板損傷	予測２
右肩腱板損傷	予測３
２００３年８月膵非機能性内分泌腫瘍	予測１
２００３年８月膵非機能性内分泌腫瘍	予測２
２００３年８月膵非機能性内分泌腫瘍	予測３
頸髄鞘	予測１
頸髄鞘	予測２
頸髄鞘	予測３
右声帯ポリープ	予測１
右声帯ポリープ	予測２
右声帯ポリープ	予測３
咳込み	予測１
咳込み	予測２
咳込み	予測３
慢性じん不全の悪化	予測１
慢性じん不全の悪化	予測２
慢性じん不全の悪化	予測３
右眼視野欠損	予測１
右眼視野欠損	予測２
右眼視野欠損	予測３
Ｈｂの低下	予測１
Ｈｂの低下	予測２
Ｈｂの低下	予測３
皮膚掻痒の増悪	予測１
皮膚掻痒の増悪	予測２
皮膚掻痒の増悪	予測３
出血（血尿）	予測１
出血（血尿）	予測２
出血（血尿）	予測３
ＳＶＣ症候群	予測１
ＳＶＣ症候群	予測２
ＳＶＣ症候群	予測３
Ａｌ－ｐ髙値	予測１
Ａｌ－ｐ髙値	予測２
Ａｌ－ｐ髙値	予測３
膵臓Γ線療法	予測１
膵臓Γ線療法	予測２
膵臓Γ線療法	予測３
慢性肺気腫症	予測１
慢性肺気腫症	予測２
慢性肺気腫症	予測３
大腿部の痛み	予測１
大腿部の痛み	予測２
大腿部の痛み	予測３
歯痛（腫張熱感）	予測１
歯痛（腫張熱感）	予測２
歯痛（腫張熱感）	予測３
月経の欠如	予測１
月経の欠如	予測２
月経の欠如	予測３
頸椎症	予測１
頸椎症	予測２
頸椎症	予測３
２１才盲腸手術	予測１
２１才盲腸手術	予測２
２１才盲腸手術	予測３
無症候性間欠的肉眼的血尿	予測１
無症候性間欠的肉眼的血尿	予測２
無症候性間欠的肉眼的血尿	予測３
回腸末端に多数の潰瘍	予測１
回腸末端に多数の潰瘍	予測２
回腸末端に多数の潰瘍	予測３
可逆性後白質脳症	予測１
可逆性後白質脳症	予測２
可逆性後白質脳症	予測３
ｂｒｏｎｃｈｉｅｃｔａｓｉｓ	予測１
ｂｒｏｎｃｈｉｅｃｔａｓｉｓ	予測２
ｂｒｏｎｃｈｉｅｃｔａｓｉｓ	予測３
点状角膜炎	予測１
点状角膜炎	予測２
点状角膜炎	予測３
「肝不全」による死亡	予測１
「肝不全」による死亡	予測２
「肝不全」による死亡	予測３
ＡＬ－Ｐの上昇	予測１
ＡＬ－Ｐの上昇	予測２
ＡＬ－Ｐの上昇	予測３
肺癌、脳転移なし	予測１
肺癌、脳転移なし	予測２
肺癌、脳転移なし	予測３
反復性扁桃炎	予測１
反復性扁桃炎	予測２
反復性扁桃炎	予測３
1度房室ブロック	予測１
1度房室ブロック	予測２
1度房室ブロック	予測３
覚醒	予測１
覚醒	予測２
覚醒	予測３
右腎細胞癌	予測１
右腎細胞癌	予測２
右腎細胞癌	予測３
血液培養でカンジダ	予測１
血液培養でカンジダ	予測２
血液培養でカンジダ	予測３
内頸動脈狭窄症	予測１
内頸動脈狭窄症	予測２
内頸動脈狭窄症	予測３
左股関節異所性石灰化症	予測１
左股関節異所性石灰化症	予測２
左股関節異所性石灰化症	予測３
頚部腫瘤摘除術	予測１
頚部腫瘤摘除術	予測２
頚部腫瘤摘除術	予測３
骨悪性腫瘍	予測１
骨悪性腫瘍	予測２
骨悪性腫瘍	予測３
仙骨部潰瘍	予測１
仙骨部潰瘍	予測２
仙骨部潰瘍	予測３
左膝関節症	予測１
左膝関節症	予測２
左膝関節症	予測３
ヘルニア（鼠蹊部）	予測１
ヘルニア（鼠蹊部）	予測２
ヘルニア（鼠蹊部）	予測３
左眼球結膜下出血	予測１
左眼球結膜下出血	予測２
左眼球結膜下出血	予測３
Ｓ状結腸憩室出血疑い	予測１
Ｓ状結腸憩室出血疑い	予測２
Ｓ状結腸憩室出血疑い	予測３
顔面部切傷	予測１
顔面部切傷	予測２
顔面部切傷	予測３
新生血管加齢黄斑変性（右眼）	予測１
新生血管加齢黄斑変性（右眼）	予測２
新生血管加齢黄斑変性（右眼）	予測３
末梢神経痛	予測１
末梢神経痛	予測２
末梢神経痛	予測３
高血圧一時悪化	予測１
高血圧一時悪化	予測２
高血圧一時悪化	予測３
高リン	予測１
高リン	予測２
高リン	予測３
左上肢帯状疱疹	予測１
左上肢帯状疱疹	予測２
左上肢帯状疱疹	予測３
びらん性湿疹（外陰部）	予測１
びらん性湿疹（外陰部）	予測２
びらん性湿疹（外陰部）	予測３
右総腸骨動脈狭窄症	予測１
右総腸骨動脈狭窄症	予測２
右総腸骨動脈狭窄症	予測３
下顎骨髄炎	予測１
下顎骨髄炎	予測２
下顎骨髄炎	予測３
多発毛のう炎	予測１
多発毛のう炎	予測２
多発毛のう炎	予測３
成人STILL病	予測１
成人STILL病	予測２
成人STILL病	予測３
母；骨粗鬆症	予測１
母；骨粗鬆症	予測２
母；骨粗鬆症	予測３
虫垂炎の切除	予測１
虫垂炎の切除	予測２
虫垂炎の切除	予測３
過眠傾向	予測１
過眠傾向	予測２
過眠傾向	予測３
内出血斑	予測１
内出血斑	予測２
内出血斑	予測３
人工呼吸治療に伴う鎮静	予測１
人工呼吸治療に伴う鎮静	予測２
人工呼吸治療に伴う鎮静	予測３
肝細胞癌（C型）	予測１
肝細胞癌（C型）	予測２
肝細胞癌（C型）	予測３
唇裂・口蓋裂	予測１
唇裂・口蓋裂	予測２
唇裂・口蓋裂	予測３
直腸癌で２００５年に手術	予測１
直腸癌で２００５年に手術	予測２
直腸癌で２００５年に手術	予測３
アナフィラキシーショックの疑い	予測１
アナフィラキシーショックの疑い	予測２
アナフィラキシーショックの疑い	予測３
帯下異臭	予測１
帯下異臭	予測２
帯下異臭	予測３
右ラクナ梗塞	予測１
右ラクナ梗塞	予測２
右ラクナ梗塞	予測３
心室中隔欠損手術後	予測１
心室中隔欠損手術後	予測２
心室中隔欠損手術後	予測３
甲状腺乳頭癌	予測１
甲状腺乳頭癌	予測２
甲状腺乳頭癌	予測３
頻脈性	予測１
頻脈性	予測２
頻脈性	予測３
右眼マイボーム腺梗塞	予測１
右眼マイボーム腺梗塞	予測２
右眼マイボーム腺梗塞	予測３
上行結腸癌→ｏｐｅ	予測１
上行結腸癌→ｏｐｅ	予測２
上行結腸癌→ｏｐｅ	予測３
接触性皮膚炎（顔）	予測１
接触性皮膚炎（顔）	予測２
接触性皮膚炎（顔）	予測３
腹腔内リンパ節転移	予測１
腹腔内リンパ節転移	予測２
腹腔内リンパ節転移	予測３
僧帽弁輪形成術術後	予測１
僧帽弁輪形成術術後	予測２
僧帽弁輪形成術術後	予測３
胃糜爛	予測１
胃糜爛	予測２
胃糜爛	予測３
下血の増悪	予測１
下血の増悪	予測２
下血の増悪	予測３
便秘傾向	予測１
便秘傾向	予測２
便秘傾向	予測３
右腎癌	予測１
右腎癌	予測２
右腎癌	予測３
立位困難	予測１
立位困難	予測２
立位困難	予測３
甲状腺右葉切除術	予測１
甲状腺右葉切除術	予測２
甲状腺右葉切除術	予測３
冠動脈拡張症	予測１
冠動脈拡張症	予測２
冠動脈拡張症	予測３
マイクロ波凝固療法	予測１
マイクロ波凝固療法	予測２
マイクロ波凝固療法	予測３
Ｐａｔ	予測１
Ｐａｔ	予測２
Ｐａｔ	予測３
ｉ‐ＰＴＨが６３０に上昇した	予測１
ｉ‐ＰＴＨが６３０に上昇した	予測２
ｉ‐ＰＴＨが６３０に上昇した	予測３
左足が痺れる	予測１
左足が痺れる	予測２
左足が痺れる	予測３
白血球数（末梢血）の上昇	予測１
白血球数（末梢血）の上昇	予測２
白血球数（末梢血）の上昇	予測３
消退出血時の腰痛	予測１
消退出血時の腰痛	予測２
消退出血時の腰痛	予測３
子宮筋腫（全摘術）	予測１
子宮筋腫（全摘術）	予測２
子宮筋腫（全摘術）	予測３
直腸周囲の脂肪織濃度上昇	予測１
直腸周囲の脂肪織濃度上昇	予測２
直腸周囲の脂肪織濃度上昇	予測３
下肢ＡＳＯの増悪	予測１
下肢ＡＳＯの増悪	予測２
下肢ＡＳＯの増悪	予測３
右末梢性顔面麻痺	予測１
右末梢性顔面麻痺	予測２
右末梢性顔面麻痺	予測３
いつも頭が重い	予測１
いつも頭が重い	予測２
いつも頭が重い	予測３
悲観気分	予測１
悲観気分	予測２
悲観気分	予測３
両側腎のう胞	予測１
両側腎のう胞	予測２
両側腎のう胞	予測３
右腸骨部湿疹	予測１
右腸骨部湿疹	予測２
右腸骨部湿疹	予測３
下くちびるが腫れる	予測１
下くちびるが腫れる	予測２
下くちびるが腫れる	予測３
肝キノウ障害	予測１
肝キノウ障害	予測２
肝キノウ障害	予測３
右耳下腺癌（平成２４年４月）	予測１
右耳下腺癌（平成２４年４月）	予測２
右耳下腺癌（平成２４年４月）	予測３
期限切れのレビトラを処方	予測１
期限切れのレビトラを処方	予測２
期限切れのレビトラを処方	予測３
原因不明右下肢痛	予測１
原因不明右下肢痛	予測２
原因不明右下肢痛	予測３
左下腿内側部痛	予測１
左下腿内側部痛	予測２
左下腿内側部痛	予測３
血管腫（肝）	予測１
血管腫（肝）	予測２
血管腫（肝）	予測３
多形紅球	予測１
多形紅球	予測２
多形紅球	予測３
膵コウソ↑	予測１
膵コウソ↑	予測２
膵コウソ↑	予測３
犬に噛まれ	予測１
犬に噛まれ	予測２
犬に噛まれ	予測３
３３才～３４才右白内障のｏｐｅ	予測１
３３才～３４才右白内障のｏｐｅ	予測２
３３才～３４才右白内障のｏｐｅ	予測３
転倒による臀部打撲【臀部打撲】	予測１
転倒による臀部打撲【臀部打撲】	予測２
転倒による臀部打撲【臀部打撲】	予測３
大腸癌術后（Ｈ２２年３月ｏｐｅ）	予測１
大腸癌術后（Ｈ２２年３月ｏｐｅ）	予測２
大腸癌術后（Ｈ２２年３月ｏｐｅ）	予測３
上半身のかゆみ	予測１
上半身のかゆみ	予測２
上半身のかゆみ	予測３
むちうち症	予測１
むちうち症	予測２
むちうち症	予測３
おりものに少し血が混じっている	予測１
おりものに少し血が混じっている	予測２
おりものに少し血が混じっている	予測３
顔面尋常性いぼ	予測１
顔面尋常性いぼ	予測２
顔面尋常性いぼ	予測３
マヒ	予測１
マヒ	予測２
マヒ	予測３
悪阻	予測１
悪阻	予測２
悪阻	予測３
ヘルペス帯状疱疹	予測１
ヘルペス帯状疱疹	予測２
ヘルペス帯状疱疹	予測３
ドライブライン感染症	予測１
ドライブライン感染症	予測２
ドライブライン感染症	予測３
左側頭葉皮質下出血	予測１
左側頭葉皮質下出血	予測２
左側頭葉皮質下出血	予測３
１９９８糖尿病を指摘され治療開始	予測１
１９９８糖尿病を指摘され治療開始	予測２
１９９８糖尿病を指摘され治療開始	予測３
のう胞性膵疾患	予測１
のう胞性膵疾患	予測２
のう胞性膵疾患	予測３
掻痒感（右脇腹のカテーテル部位）	予測１
掻痒感（右脇腹のカテーテル部位）	予測２
掻痒感（右脇腹のカテーテル部位）	予測３
心窩部不快	予測１
心窩部不快	予測２
心窩部不快	予測３
両下腿掻痒感	予測１
両下腿掻痒感	予測２
両下腿掻痒感	予測３
左足首ねんざ	予測１
左足首ねんざ	予測２
左足首ねんざ	予測３
原疾患の進行による死亡【腎細胞癌】	予測１
原疾患の進行による死亡【腎細胞癌】	予測２
原疾患の進行による死亡【腎細胞癌】	予測３
打撲【下肢】	予測１
打撲【下肢】	予測２
打撲【下肢】	予測３
ＩＰＡＡ	予測１
ＩＰＡＡ	予測２
ＩＰＡＡ	予測３
慢性肺血栓塞栓症	予測１
慢性肺血栓塞栓症	予測２
慢性肺血栓塞栓症	予測３
ＣＰＫが上昇	予測１
ＣＰＫが上昇	予測２
ＣＰＫが上昇	予測３
下肢乾皮症	予測１
下肢乾皮症	予測２
下肢乾皮症	予測３
脳梗塞領域に微小出血	予測１
脳梗塞領域に微小出血	予測２
脳梗塞領域に微小出血	予測３
夜間失禁	予測１
夜間失禁	予測２
夜間失禁	予測３
痰に少量の血が混じる	予測１
痰に少量の血が混じる	予測２
痰に少量の血が混じる	予測３
HB低下	予測１
HB低下	予測２
HB低下	予測３
疼痛増強（骨転移部）	予測１
疼痛増強（骨転移部）	予測２
疼痛増強（骨転移部）	予測３
背筋の痙攣	予測１
背筋の痙攣	予測２
背筋の痙攣	予測３
（早期）胃癌	予測１
（早期）胃癌	予測２
（早期）胃癌	予測３
A型肝炎	予測１
A型肝炎	予測２
A型肝炎	予測３
肛門管に圧痛	予測１
肛門管に圧痛	予測２
肛門管に圧痛	予測３
右骨盤骨折	予測１
右骨盤骨折	予測２
右骨盤骨折	予測３
両手ピリピリ感	予測１
両手ピリピリ感	予測２
両手ピリピリ感	予測３
右胸水穿刺部出血【出血】	予測１
右胸水穿刺部出血【出血】	予測２
右胸水穿刺部出血【出血】	予測３
消化管間質腫瘍（胃）	予測１
消化管間質腫瘍（胃）	予測２
消化管間質腫瘍（胃）	予測３
Ｓ状結腸癌	予測１
Ｓ状結腸癌	予測２
Ｓ状結腸癌	予測３
甲状腺癌（摘術）	予測１
甲状腺癌（摘術）	予測２
甲状腺癌（摘術）	予測３
腸管嚢胞性気腫症	予測１
腸管嚢胞性気腫症	予測２
腸管嚢胞性気腫症	予測３
血清リパーゼ高値	予測１
血清リパーゼ高値	予測２
血清リパーゼ高値	予測３
口腔内良性腫瘍術後	予測１
口腔内良性腫瘍術後	予測２
口腔内良性腫瘍術後	予測３
甲状腺眼症（左眼）	予測１
甲状腺眼症（左眼）	予測２
甲状腺眼症（左眼）	予測３
両外反母趾	予測１
両外反母趾	予測２
両外反母趾	予測３
網膜中心静脈分枝閉塞症	予測１
網膜中心静脈分枝閉塞症	予測２
網膜中心静脈分枝閉塞症	予測３
高血圧症の悪化（頭痛を伴う）【高血圧症の悪化】	予測１
高血圧症の悪化（頭痛を伴う）【高血圧症の悪化】	予測２
高血圧症の悪化（頭痛を伴う）【高血圧症の悪化】	予測３
麦粒腫（右眼）	予測１
麦粒腫（右眼）	予測２
麦粒腫（右眼）	予測３
汎発性急性湿疹	予測１
汎発性急性湿疹	予測２
汎発性急性湿疹	予測３
ＨａｎｄＦｏｏｔＳｙｎｄｒｏｍ	予測１
ＨａｎｄＦｏｏｔＳｙｎｄｒｏｍ	予測２
ＨａｎｄＦｏｏｔＳｙｎｄｒｏｍ	予測３
両手疼痛	予測１
両手疼痛	予測２
両手疼痛	予測３
硬膜下ＡＤＭ【脳血管動静脈奇形】	予測１
硬膜下ＡＤＭ【脳血管動静脈奇形】	予測２
硬膜下ＡＤＭ【脳血管動静脈奇形】	予測３
のう胞感染	予測１
のう胞感染	予測２
のう胞感染	予測３
ａｎｇｉｎａ ｐｅｃｔｏｒｉｓ	予測１
ａｎｇｉｎａ ｐｅｃｔｏｒｉｓ	予測２
ａｎｇｉｎａ ｐｅｃｔｏｒｉｓ	予測３
胸がズキズキ痛む	予測１
胸がズキズキ痛む	予測２
胸がズキズキ痛む	予測３
風疹感染に関連する関節炎	予測１
風疹感染に関連する関節炎	予測２
風疹感染に関連する関節炎	予測３
２００７．１１．１右乳癌術後	予測１
２００７．１１．１右乳癌術後	予測２
２００７．１１．１右乳癌術後	予測３
肝キノウ異常ＧＯＴ↑	予測１
肝キノウ異常ＧＯＴ↑	予測２
肝キノウ異常ＧＯＴ↑	予測３
膣部びらん	予測１
膣部びらん	予測２
膣部びらん	予測３
最大呼気流速増加	予測１
最大呼気流速増加	予測２
最大呼気流速増加	予測３
軟性ドルーゼン	予測１
軟性ドルーゼン	予測２
軟性ドルーゼン	予測３
７７才甲状腺腫瘍（良性）	予測１
７７才甲状腺腫瘍（良性）	予測２
７７才甲状腺腫瘍（良性）	予測３
汎網膜光凝固術（右眼）	予測１
汎網膜光凝固術（右眼）	予測２
汎網膜光凝固術（右眼）	予測３
尿糖陽転	予測１
尿糖陽転	予測２
尿糖陽転	予測３
特発性好酸球増多症	予測１
特発性好酸球増多症	予測２
特発性好酸球増多症	予測３
筋痙攣（手・足）	予測１
筋痙攣（手・足）	予測２
筋痙攣（手・足）	予測３
Ｈ９妊娠中毒症	予測１
Ｈ９妊娠中毒症	予測２
Ｈ９妊娠中毒症	予測３
消化管間質腫瘍（腸管外）	予測１
消化管間質腫瘍（腸管外）	予測２
消化管間質腫瘍（腸管外）	予測３
薬物相互作用	予測１
薬物相互作用	予測２
薬物相互作用	予測３
上腕動脈仮性動脈瘤破裂	予測１
上腕動脈仮性動脈瘤破裂	予測２
上腕動脈仮性動脈瘤破裂	予測３
左手首皮下出血	予測１
左手首皮下出血	予測２
左手首皮下出血	予測３
左眼球手術	予測１
左眼球手術	予測２
左眼球手術	予測３
左膝半月板損傷	予測１
左膝半月板損傷	予測２
左膝半月板損傷	予測３
狭心症（ステント後）	予測１
狭心症（ステント後）	予測２
狭心症（ステント後）	予測３
ふくらはぎの痺れ	予測１
ふくらはぎの痺れ	予測２
ふくらはぎの痺れ	予測３
むくみ【両下肢】	予測１
むくみ【両下肢】	予測２
むくみ【両下肢】	予測３
怪我すると止血しにくい	予測１
怪我すると止血しにくい	予測２
怪我すると止血しにくい	予測３
挫傷部の出血（出血）	予測１
挫傷部の出血（出血）	予測２
挫傷部の出血（出血）	予測３
サ声	予測１
サ声	予測２
サ声	予測３
両白内障手術	予測１
両白内障手術	予測２
両白内障手術	予測３
血栓形成予防	予測１
血栓形成予防	予測２
血栓形成予防	予測３
胆のう結石	予測１
胆のう結石	予測２
胆のう結石	予測３
口唇のしびれ	予測１
口唇のしびれ	予測２
口唇のしびれ	予測３
不安定性膀胱	予測１
不安定性膀胱	予測２
不安定性膀胱	予測３
やけど	予測１
やけど	予測２
やけど	予測３
肩部関節痛	予測１
肩部関節痛	予測２
肩部関節痛	予測３
胸膜炎(幼少時)	予測１
胸膜炎(幼少時)	予測２
胸膜炎(幼少時)	予測３
腹部皮疹	予測１
腹部皮疹	予測２
腹部皮疹	予測３
術後性頬部のう腫術後	予測１
術後性頬部のう腫術後	予測２
術後性頬部のう腫術後	予測３
巨大子宮筋腫	予測１
巨大子宮筋腫	予測２
巨大子宮筋腫	予測３
進行下部直腸癌	予測１
進行下部直腸癌	予測２
進行下部直腸癌	予測３
子宮頸部異型上皮異型度１	予測１
子宮頸部異型上皮異型度１	予測２
子宮頸部異型上皮異型度１	予測３
コレステロールが高め	予測１
コレステロールが高め	予測２
コレステロールが高め	予測３
血清アルブミン値の低下	予測１
血清アルブミン値の低下	予測２
血清アルブミン値の低下	予測３
タンパク尿の増悪	予測１
タンパク尿の増悪	予測２
タンパク尿の増悪	予測３
ｅｏｓｉｎｏ％の上昇	予測１
ｅｏｓｉｎｏ％の上昇	予測２
ｅｏｓｉｎｏ％の上昇	予測３
息を吸うと胸が痛む	予測１
息を吸うと胸が痛む	予測２
息を吸うと胸が痛む	予測３
顔面の発疹（膨隆疹）	予測１
顔面の発疹（膨隆疹）	予測２
顔面の発疹（膨隆疹）	予測３
Ｎａ低下	予測１
Ｎａ低下	予測２
Ｎａ低下	予測３
DM性腸管運動障害	予測１
DM性腸管運動障害	予測２
DM性腸管運動障害	予測３
心房細動アブレーション周術期	予測１
心房細動アブレーション周術期	予測２
心房細動アブレーション周術期	予測３
髪の毛が抜けている	予測１
髪の毛が抜けている	予測２
髪の毛が抜けている	予測３
右足腱しょう炎	予測１
右足腱しょう炎	予測２
右足腱しょう炎	予測３
義歯の不具合【義歯があわない】	予測１
義歯の不具合【義歯があわない】	予測２
義歯の不具合【義歯があわない】	予測３
頻脈性心房細動	予測１
頻脈性心房細動	予測２
頻脈性心房細動	予測３
肝動脈血栓	予測１
肝動脈血栓	予測２
肝動脈血栓	予測３
全身性乾皮症	予測１
全身性乾皮症	予測２
全身性乾皮症	予測３
左下肢浮腫	予測１
左下肢浮腫	予測２
左下肢浮腫	予測３
微小肺動脈腫瘍塞栓	予測１
微小肺動脈腫瘍塞栓	予測２
微小肺動脈腫瘍塞栓	予測３
γｰGTP高値の悪化	予測１
γｰGTP高値の悪化	予測２
γｰGTP高値の悪化	予測３
右中咽頭癌頚部転移	予測１
右中咽頭癌頚部転移	予測２
右中咽頭癌頚部転移	予測３
左肩～頚部の疼痛	予測１
左肩～頚部の疼痛	予測２
左肩～頚部の疼痛	予測３
足がだるい	予測１
足がだるい	予測２
足がだるい	予測３
右前脛骨部骨折	予測１
右前脛骨部骨折	予測２
右前脛骨部骨折	予測３
左下腿切断術	予測１
左下腿切断術	予測２
左下腿切断術	予測３
手掌発赤	予測１
手掌発赤	予測２
手掌発赤	予測３
腎機能の悪化	予測１
腎機能の悪化	予測２
腎機能の悪化	予測３
眼瞼かぶれ[コメント欄に次の記載あり：「化粧品による眼瞼の周りのかぶれのため治験薬との関連はない」]	予測１
眼瞼かぶれ[コメント欄に次の記載あり：「化粧品による眼瞼の周りのかぶれのため治験薬との関連はない」]	予測２
眼瞼かぶれ[コメント欄に次の記載あり：「化粧品による眼瞼の周りのかぶれのため治験薬との関連はない」]	予測３
発疹（顔、手、足、首）	予測１
発疹（顔、手、足、首）	予測２
発疹（顔、手、足、首）	予測３
腰椎不安定症L4 L5	予測１
腰椎不安定症L4 L5	予測２
腰椎不安定症L4 L5	予測３
息切れ・呼吸困難	予測１
息切れ・呼吸困難	予測２
息切れ・呼吸困難	予測３
左萎縮腎	予測１
左萎縮腎	予測２
左萎縮腎	予測３
右眼黄斑穿孔	予測１
右眼黄斑穿孔	予測２
右眼黄斑穿孔	予測３
右大腿部筋肉炎	予測１
右大腿部筋肉炎	予測２
右大腿部筋肉炎	予測３
嘔気、食欲不振	予測１
嘔気、食欲不振	予測２
嘔気、食欲不振	予測３
ａＰＴＴ過度高値	予測１
ａＰＴＴ過度高値	予測２
ａＰＴＴ過度高値	予測３
突然死【詳細不明】	予測１
突然死【詳細不明】	予測２
突然死【詳細不明】	予測３
甲状腺数値異常	予測１
甲状腺数値異常	予測２
甲状腺数値異常	予測３
両側手根管症候群	予測１
両側手根管症候群	予測２
両側手根管症候群	予測３
黄色い痰	予測１
黄色い痰	予測２
黄色い痰	予測３
頭の痒み	予測１
頭の痒み	予測２
頭の痒み	予測３
腸破裂（交通事故による）	予測１
腸破裂（交通事故による）	予測２
腸破裂（交通事故による）	予測３
全身の腫脹感	予測１
全身の腫脹感	予測２
全身の腫脹感	予測３
喉のいがいが	予測１
喉のいがいが	予測２
喉のいがいが	予測３
両老人性白内障	予測１
両老人性白内障	予測２
両老人性白内障	予測３
尿蛋白（＋）	予測１
尿蛋白（＋）	予測２
尿蛋白（＋）	予測３
全身のだるさ	予測１
全身のだるさ	予測２
全身のだるさ	予測３
皮下腫瘍（左側腹部、左腋窩）	予測１
皮下腫瘍（左側腹部、左腋窩）	予測２
皮下腫瘍（左側腹部、左腋窩）	予測３
ヒフそうよう症	予測１
ヒフそうよう症	予測２
ヒフそうよう症	予測３
左右変形性膝関節症	予測１
左右変形性膝関節症	予測２
左右変形性膝関節症	予測３
インフルエンザ感染	予測１
インフルエンザ感染	予測２
インフルエンザ感染	予測３
骨、肺肝転移【骨転移】	予測１
骨、肺肝転移【骨転移】	予測２
骨、肺肝転移【骨転移】	予測３
原因不明の腎機能低下症	予測１
原因不明の腎機能低下症	予測２
原因不明の腎機能低下症	予測３
子宮頚部細胞診（トリコモナスチェックのため）の性器出血	予測１
子宮頚部細胞診（トリコモナスチェックのため）の性器出血	予測２
子宮頚部細胞診（トリコモナスチェックのため）の性器出血	予測３
湿疹（会陰部）	予測１
湿疹（会陰部）	予測２
湿疹（会陰部）	予測３
乳房の張り感	予測１
乳房の張り感	予測２
乳房の張り感	予測３
イグザレルトを１日５ｍｇ服用	予測１
イグザレルトを１日５ｍｇ服用	予測２
イグザレルトを１日５ｍｇ服用	予測３
右腎嚢胞	予測１
右腎嚢胞	予測２
右腎嚢胞	予測３
口腔のあれ	予測１
口腔のあれ	予測２
口腔のあれ	予測３
骨移植術	予測１
骨移植術	予測２
骨移植術	予測３
右頬口腔粘膜血腫	予測１
右頬口腔粘膜血腫	予測２
右頬口腔粘膜血腫	予測３
右網膜剥離手術	予測１
右網膜剥離手術	予測２
右網膜剥離手術	予測３
肝機能障害の疑い	予測１
肝機能障害の疑い	予測２
肝機能障害の疑い	予測３
陳旧性子宮筋腫	予測１
陳旧性子宮筋腫	予測２
陳旧性子宮筋腫	予測３
黄斑下手術（右眼）	予測１
黄斑下手術（右眼）	予測２
黄斑下手術（右眼）	予測３
続発性副甲状腺亢進症	予測１
続発性副甲状腺亢進症	予測２
続発性副甲状腺亢進症	予測３
月経が１週間遅れた	予測１
月経が１週間遅れた	予測２
月経が１週間遅れた	予測３
両眼黄斑浮腫	予測１
両眼黄斑浮腫	予測２
両眼黄斑浮腫	予測３
左腎結石仙痛発作	予測１
左腎結石仙痛発作	予測２
左腎結石仙痛発作	予測３
心筋こうそく	予測１
心筋こうそく	予測２
心筋こうそく	予測３
大腸癌肝転移	予測１
大腸癌肝転移	予測２
大腸癌肝転移	予測３
頻繁なＵＴＩ	予測１
頻繁なＵＴＩ	予測２
頻繁なＵＴＩ	予測３
２００８２／２０副腎不全	予測１
２００８２／２０副腎不全	予測２
２００８２／２０副腎不全	予測３
変形性肘関節症疑い	予測１
変形性肘関節症疑い	予測２
変形性肘関節症疑い	予測３
右手根管手術	予測１
右手根管手術	予測２
右手根管手術	予測３
左足底に痺れ	予測１
左足底に痺れ	予測２
左足底に痺れ	予測３
上いんとう癌	予測１
上いんとう癌	予測２
上いんとう癌	予測３
ロイシンアミノぺプチダーゼ上昇	予測１
ロイシンアミノぺプチダーゼ上昇	予測２
ロイシンアミノぺプチダーゼ上昇	予測３
穿刺部のかぶれ	予測１
穿刺部のかぶれ	予測２
穿刺部のかぶれ	予測３
細菌性肺炎の再燃	予測１
細菌性肺炎の再燃	予測２
細菌性肺炎の再燃	予測３
脳幹梗塞後遺症	予測１
脳幹梗塞後遺症	予測２
脳幹梗塞後遺症	予測３
ムコソルバンは、ｏｐｅ後の去痰目的	予測１
ムコソルバンは、ｏｐｅ後の去痰目的	予測２
ムコソルバンは、ｏｐｅ後の去痰目的	予測３
術後腸管癒着（腸管癒着でOK）	予測１
術後腸管癒着（腸管癒着でOK）	予測２
術後腸管癒着（腸管癒着でOK）	予測３
左側肢神経痛	予測１
左側肢神経痛	予測２
左側肢神経痛	予測３
血栓症の予防	予測１
血栓症の予防	予測２
血栓症の予防	予測３
プラダーウィリー症候群	予測１
プラダーウィリー症候群	予測２
プラダーウィリー症候群	予測３
生理が来ない	予測１
生理が来ない	予測２
生理が来ない	予測３
心不全様症状	予測１
心不全様症状	予測２
心不全様症状	予測３
糖尿病性綱膜症	予測１
糖尿病性綱膜症	予測２
糖尿病性綱膜症	予測３
運動性失語	予測１
運動性失語	予測２
運動性失語	予測３
カンジダ【腟（外陰部）】	予測１
カンジダ【腟（外陰部）】	予測２
カンジダ【腟（外陰部）】	予測３
HCV陽性	予測１
HCV陽性	予測２
HCV陽性	予測３
急性心不全疑い	予測１
急性心不全疑い	予測２
急性心不全疑い	予測３
肺癌抗がん剤治療	予測１
肺癌抗がん剤治療	予測２
肺癌抗がん剤治療	予測３
右上腕乾皮症	予測１
右上腕乾皮症	予測２
右上腕乾皮症	予測３
子宮筋腫（子宮摘出術施行）	予測１
子宮筋腫（子宮摘出術施行）	予測２
子宮筋腫（子宮摘出術施行）	予測３
果物によるアレルギー	予測１
果物によるアレルギー	予測２
果物によるアレルギー	予測３
アルコール歴有	予測１
アルコール歴有	予測２
アルコール歴有	予測３
眼底出血（硝子体出血）	予測１
眼底出血（硝子体出血）	予測２
眼底出血（硝子体出血）	予測３
網膜剥離術後	予測１
網膜剥離術後	予測２
網膜剥離術後	予測３
肝機能障害出現	予測１
肝機能障害出現	予測２
肝機能障害出現	予測３
そけいヘルニア手術	予測１
そけいヘルニア手術	予測２
そけいヘルニア手術	予測３
後腹膜腫瘍	予測１
後腹膜腫瘍	予測２
後腹膜腫瘍	予測３
アミラーゼ低下	予測１
アミラーゼ低下	予測２
アミラーゼ低下	予測３
下腹部痛（内膜細胞診採取のため）	予測１
下腹部痛（内膜細胞診採取のため）	予測２
下腹部痛（内膜細胞診採取のため）	予測３
美出血	予測１
美出血	予測２
美出血	予測３
痛風関節炎	予測１
痛風関節炎	予測２
痛風関節炎	予測３
手足皮フ反応	予測１
手足皮フ反応	予測２
手足皮フ反応	予測３
２型糖尿病性腎症	予測１
２型糖尿病性腎症	予測２
２型糖尿病性腎症	予測３
左石灰沈着性腱板炎	予測１
左石灰沈着性腱板炎	予測２
左石灰沈着性腱板炎	予測３
子供が偶発的に祖母の薬を服薬した	予測１
子供が偶発的に祖母の薬を服薬した	予測２
子供が偶発的に祖母の薬を服薬した	予測３
チャンバー凝固	予測１
チャンバー凝固	予測２
チャンバー凝固	予測３
高熱（３８℃）	予測１
高熱（３８℃）	予測２
高熱（３８℃）	予測３
頭部過敏症状	予測１
頭部過敏症状	予測２
頭部過敏症状	予測３
Ｓ状結腸拡張症	予測１
Ｓ状結腸拡張症	予測２
Ｓ状結腸拡張症	予測３
声がでずらい	予測１
声がでずらい	予測２
声がでずらい	予測３
肉眼的血尿の悪化	予測１
肉眼的血尿の悪化	予測２
肉眼的血尿の悪化	予測３
精神状態悪化予防	予測１
精神状態悪化予防	予測２
精神状態悪化予防	予測３
むねやけ	予測１
むねやけ	予測２
むねやけ	予測３
両大腿骨骨折	予測１
両大腿骨骨折	予測２
両大腿骨骨折	予測３
Ｔ－Ｂｉｌ増加【総ビリルビン増加】	予測１
Ｔ－Ｂｉｌ増加【総ビリルビン増加】	予測２
Ｔ－Ｂｉｌ増加【総ビリルビン増加】	予測３
血栓再発抑制	予測１
血栓再発抑制	予測２
血栓再発抑制	予測３
嘔吐（月経時）	予測１
嘔吐（月経時）	予測２
嘔吐（月経時）	予測３
急性歯槽骨炎	予測１
急性歯槽骨炎	予測２
急性歯槽骨炎	予測３
非弁膜性発作性心房細動	予測１
非弁膜性発作性心房細動	予測２
非弁膜性発作性心房細動	予測３
左下肢蜂窩織炎	予測１
左下肢蜂窩織炎	予測２
左下肢蜂窩織炎	予測３
陳旧性ラクナ梗塞（脳）	予測１
陳旧性ラクナ梗塞（脳）	予測２
陳旧性ラクナ梗塞（脳）	予測３
細菌性多発肺炎	予測１
細菌性多発肺炎	予測２
細菌性多発肺炎	予測３
合成ペニシリンアレルギー	予測１
合成ペニシリンアレルギー	予測２
合成ペニシリンアレルギー	予測３
Ｐ－ＡＭＹ上昇	予測１
Ｐ－ＡＭＹ上昇	予測２
Ｐ－ＡＭＹ上昇	予測３
左右下肢静脈瘤	予測１
左右下肢静脈瘤	予測２
左右下肢静脈瘤	予測３
陥入爪の悪化	予測１
陥入爪の悪化	予測２
陥入爪の悪化	予測３
発赤（左母指）	予測１
発赤（左母指）	予測２
発赤（左母指）	予測３
早期糖尿病性腎症	予測１
早期糖尿病性腎症	予測２
早期糖尿病性腎症	予測３
血色素量減少	予測１
血色素量減少	予測２
血色素量減少	予測３
前立腺肥大に伴う排尿困難	予測１
前立腺肥大に伴う排尿困難	予測２
前立腺肥大に伴う排尿困難	予測３
下腿切断	予測１
下腿切断	予測２
下腿切断	予測３
眼けん湿疹	予測１
眼けん湿疹	予測２
眼けん湿疹	予測３
右下腿内出血	予測１
右下腿内出血	予測２
右下腿内出血	予測３
低Ｈｂ	予測１
低Ｈｂ	予測２
低Ｈｂ	予測３
一過性腎障害（薬剤性：ＣＤＤＰ）	予測１
一過性腎障害（薬剤性：ＣＤＤＰ）	予測２
一過性腎障害（薬剤性：ＣＤＤＰ）	予測３
右肋間痛	予測１
右肋間痛	予測２
右肋間痛	予測３
肝機能検査値上昇（ビリルビン）	予測１
肝機能検査値上昇（ビリルビン）	予測２
肝機能検査値上昇（ビリルビン）	予測３
右足がつる	予測１
右足がつる	予測２
右足がつる	予測３
穿刺部周囲掻痒感	予測１
穿刺部周囲掻痒感	予測２
穿刺部周囲掻痒感	予測３
喉の閉塞感	予測１
喉の閉塞感	予測２
喉の閉塞感	予測３
認知症の悪化	予測１
認知症の悪化	予測２
認知症の悪化	予測３
陰嚢皮膚炎	予測１
陰嚢皮膚炎	予測２
陰嚢皮膚炎	予測３
３前装鋳造冠脱離【歯科補てつ物破損】	予測１
３前装鋳造冠脱離【歯科補てつ物破損】	予測２
３前装鋳造冠脱離【歯科補てつ物破損】	予測３
尿潜血（+）	予測１
尿潜血（+）	予測２
尿潜血（+）	予測３
ステント血栓症	予測１
ステント血栓症	予測２
ステント血栓症	予測３
内シャント穿刺部皮下血腫	予測１
内シャント穿刺部皮下血腫	予測２
内シャント穿刺部皮下血腫	予測３
咳嗽増強	予測１
咳嗽増強	予測２
咳嗽増強	予測３
乳腺の痛み	予測１
乳腺の痛み	予測２
乳腺の痛み	予測３
限局性肥大型心筋症	予測１
限局性肥大型心筋症	予測２
限局性肥大型心筋症	予測３
手の痒み	予測１
手の痒み	予測２
手の痒み	予測３
四肢末端発赤	予測１
四肢末端発赤	予測２
四肢末端発赤	予測３
腸閉塞様症状	予測１
腸閉塞様症状	予測２
腸閉塞様症状	予測３
咽頭炎疑い	予測１
咽頭炎疑い	予測２
咽頭炎疑い	予測３
肥満症	予測１
肥満症	予測２
肥満症	予測３
生理の出血が多い	予測１
生理の出血が多い	予測２
生理の出血が多い	予測３
横行結腸の大腸ポリープ	予測１
横行結腸の大腸ポリープ	予測２
横行結腸の大腸ポリープ	予測３
両手関節のこわばり	予測１
両手関節のこわばり	予測２
両手関節のこわばり	予測３
５２才糖尿病	予測１
５２才糖尿病	予測２
５２才糖尿病	予測３
背中～頭部痛	予測１
背中～頭部痛	予測２
背中～頭部痛	予測３
左眼充血	予測１
左眼充血	予測２
左眼充血	予測３
3.緑内障	予測１
3.緑内障	予測２
3.緑内障	予測３
左卵巣癒着	予測１
左卵巣癒着	予測２
左卵巣癒着	予測３
手足のむくみ	予測１
手足のむくみ	予測２
手足のむくみ	予測３
出血性の脳卒中	予測１
出血性の脳卒中	予測２
出血性の脳卒中	予測３
ａｐｐｅｎｄｅｃｔｏｍｙ	予測１
ａｐｐｅｎｄｅｃｔｏｍｙ	予測２
ａｐｐｅｎｄｅｃｔｏｍｙ	予測３
肺がん手術後胸部痛	予測１
肺がん手術後胸部痛	予測２
肺がん手術後胸部痛	予測３
シャント肢打撲【上腕】	予測１
シャント肢打撲【上腕】	予測２
シャント肢打撲【上腕】	予測３
左足第１趾．第５趾骨折	予測１
左足第１趾．第５趾骨折	予測２
左足第１趾．第５趾骨折	予測３
慢性硬膜下血腫の合併	予測１
慢性硬膜下血腫の合併	予測２
慢性硬膜下血腫の合併	予測３
腰痛（子宮内膜細胞診による）	予測１
腰痛（子宮内膜細胞診による）	予測２
腰痛（子宮内膜細胞診による）	予測３
擦過傷（上口唇）	予測１
擦過傷（上口唇）	予測２
擦過傷（上口唇）	予測３
右前腕腫脹	予測１
右前腕腫脹	予測２
右前腕腫脹	予測３
非外傷性クモ膜下出血	予測１
非外傷性クモ膜下出血	予測２
非外傷性クモ膜下出血	予測３
ＴＧの上昇	予測１
ＴＧの上昇	予測２
ＴＧの上昇	予測３
ＡＬＴ／ＡＳＴ上昇	予測１
ＡＬＴ／ＡＳＴ上昇	予測２
ＡＬＴ／ＡＳＴ上昇	予測３
高ＣＫ血症の悪化	予測１
高ＣＫ血症の悪化	予測２
高ＣＫ血症の悪化	予測３
多発骨転移	予測１
多発骨転移	予測２
多発骨転移	予測３
紅疹（紅斑性皮疹）	予測１
紅疹（紅斑性皮疹）	予測２
紅疹（紅斑性皮疹）	予測３
便潜血陽性、大腸出血	予測１
便潜血陽性、大腸出血	予測２
便潜血陽性、大腸出血	予測３
ブドウ膜炎	予測１
ブドウ膜炎	予測２
ブドウ膜炎	予測３
手足皮膚反応（抗癌反応）	予測１
手足皮膚反応（抗癌反応）	予測２
手足皮膚反応（抗癌反応）	予測３
全身皮脂欠乏性湿疹	予測１
全身皮脂欠乏性湿疹	予測２
全身皮脂欠乏性湿疹	予測３
点状紫斑	予測１
点状紫斑	予測２
点状紫斑	予測３
血腫増大	予測１
血腫増大	予測２
血腫増大	予測３
下行結腸ガン	予測１
下行結腸ガン	予測２
下行結腸ガン	予測３
癌の進行による死	予測１
癌の進行による死	予測２
癌の進行による死	予測３
発熱性好中球減少	予測１
発熱性好中球減少	予測２
発熱性好中球減少	予測３
RIGHT KIDNAY CANCER	予測１
RIGHT KIDNAY CANCER	予測２
RIGHT KIDNAY CANCER	予測３
頚性眩暈	予測１
頚性眩暈	予測２
頚性眩暈	予測３
疲労感増強	予測１
疲労感増強	予測２
疲労感増強	予測３
心弁膜症手術	予測１
心弁膜症手術	予測２
心弁膜症手術	予測３
けん怠	予測１
けん怠	予測２
けん怠	予測３
月経量が多い	予測１
月経量が多い	予測２
月経量が多い	予測３
十二指腸水平脚憩室出血	予測１
十二指腸水平脚憩室出血	予測２
十二指腸水平脚憩室出血	予測３
左頭頂葉皮質下出血	予測１
左頭頂葉皮質下出血	予測２
左頭頂葉皮質下出血	予測３
結膜出血（右）	予測１
結膜出血（右）	予測２
結膜出血（右）	予測３
一過性性心房細動	予測１
一過性性心房細動	予測２
一過性性心房細動	予測３
フォンタン手術（心房－肺動脈吻合）	予測１
フォンタン手術（心房－肺動脈吻合）	予測２
フォンタン手術（心房－肺動脈吻合）	予測３
下肢急性動脈閉塞症	予測１
下肢急性動脈閉塞症	予測２
下肢急性動脈閉塞症	予測３
Ｉ型呼吸不全	予測１
Ｉ型呼吸不全	予測２
Ｉ型呼吸不全	予測３
脂質異常ｊ症	予測１
脂質異常ｊ症	予測２
脂質異常ｊ症	予測３
ＩＣＤ電池交換手術のための入院	予測１
ＩＣＤ電池交換手術のための入院	予測２
ＩＣＤ電池交換手術のための入院	予測３
感染徴候（＋）	予測１
感染徴候（＋）	予測２
感染徴候（＋）	予測３
乳頭状腫瘤（直腸）	予測１
乳頭状腫瘤（直腸）	予測２
乳頭状腫瘤（直腸）	予測３
右耳の拍動性雑音	予測１
右耳の拍動性雑音	予測２
右耳の拍動性雑音	予測３
痛風（４２才時）	予測１
痛風（４２才時）	予測２
痛風（４２才時）	予測３
出血（喀血）	予測１
出血（喀血）	予測２
出血（喀血）	予測３
飲酒の習慣あり	予測１
飲酒の習慣あり	予測２
飲酒の習慣あり	予測３
全身転移	予測１
全身転移	予測２
全身転移	予測３
大腸ガン術後	予測１
大腸ガン術後	予測２
大腸ガン術後	予測３
原疾患の進行【切除不能な肝細胞癌】	予測１
原疾患の進行【切除不能な肝細胞癌】	予測２
原疾患の進行【切除不能な肝細胞癌】	予測３
体液貯瘤	予測１
体液貯瘤	予測２
体液貯瘤	予測３
右手首の腫脹	予測１
右手首の腫脹	予測２
右手首の腫脹	予測３
右上葉肺癌	予測１
右上葉肺癌	予測２
右上葉肺癌	予測３
下腿皮膚潰瘍の悪化	予測１
下腿皮膚潰瘍の悪化	予測２
下腿皮膚潰瘍の悪化	予測３
肺高血圧の持続的悪化による経皮経管肺動脈血行再建術	予測１
肺高血圧の持続的悪化による経皮経管肺動脈血行再建術	予測２
肺高血圧の持続的悪化による経皮経管肺動脈血行再建術	予測３
Ｔ－Ｂｉｌ上昇（総ビリルビン上昇）	予測１
Ｔ－Ｂｉｌ上昇（総ビリルビン上昇）	予測２
Ｔ－Ｂｉｌ上昇（総ビリルビン上昇）	予測３
一時心肺停止	予測１
一時心肺停止	予測２
一時心肺停止	予測３
５３才右下肢蜂窩織炎	予測１
５３才右下肢蜂窩織炎	予測２
５３才右下肢蜂窩織炎	予測３
かかとに違和感	予測１
かかとに違和感	予測２
かかとに違和感	予測３
透析中下肢筋ケイレン	予測１
透析中下肢筋ケイレン	予測２
透析中下肢筋ケイレン	予測３
前立腺肥大症２００６年４月よりハルナール投与中	予測１
前立腺肥大症２００６年４月よりハルナール投与中	予測２
前立腺肥大症２００６年４月よりハルナール投与中	予測３
「６根尖性歯周炎	予測１
「６根尖性歯周炎	予測２
「６根尖性歯周炎	予測３
おりもの増加	予測１
おりもの増加	予測２
おりもの増加	予測３
脂肪腫（疑）	予測１
脂肪腫（疑）	予測２
脂肪腫（疑）	予測３
注射部位に疼痛	予測１
注射部位に疼痛	予測２
注射部位に疼痛	予測３
凝固系検査値異常変動（プラスミノーゲン上昇；Ｄダイマー上昇；プロテインＳ低下）	予測１
凝固系検査値異常変動（プラスミノーゲン上昇；Ｄダイマー上昇；プロテインＳ低下）	予測２
凝固系検査値異常変動（プラスミノーゲン上昇；Ｄダイマー上昇；プロテインＳ低下）	予測３
ＣＲＰ値上昇	予測１
ＣＲＰ値上昇	予測２
ＣＲＰ値上昇	予測３
２２ｙＴｂ（結核）	予測１
２２ｙＴｂ（結核）	予測２
２２ｙＴｂ（結核）	予測３
認知症に伴う不穏	予測１
認知症に伴う不穏	予測２
認知症に伴う不穏	予測３
倦怠感の悪化	予測１
倦怠感の悪化	予測２
倦怠感の悪化	予測３
高アルカリホスファターゼ (血中アルカリホスファターゼ増加)	予測１
高アルカリホスファターゼ (血中アルカリホスファターゼ増加)	予測２
高アルカリホスファターゼ (血中アルカリホスファターゼ増加)	予測３
卵巣摘出術	予測１
卵巣摘出術	予測２
卵巣摘出術	予測３
HEADACHE	予測１
HEADACHE	予測２
HEADACHE	予測３
ｈａｎｄ－ｆｏｏｔ	予測１
ｈａｎｄ－ｆｏｏｔ	予測２
ｈａｎｄ－ｆｏｏｔ	予測３
第１頚椎左外側塊骨折	予測１
第１頚椎左外側塊骨折	予測２
第１頚椎左外側塊骨折	予測３
薬物相互作用によるＩＮＲ値の延長	予測１
薬物相互作用によるＩＮＲ値の延長	予測２
薬物相互作用によるＩＮＲ値の延長	予測３
PT-INR値が高値	予測１
PT-INR値が高値	予測２
PT-INR値が高値	予測３
せん妄	予測１
せん妄	予測２
せん妄	予測３
Ｈｔ値低下	予測１
Ｈｔ値低下	予測２
Ｈｔ値低下	予測３
手足反応【手足皮膚反応】	予測１
手足反応【手足皮膚反応】	予測２
手足反応【手足皮膚反応】	予測３
右外果粉砕骨折	予測１
右外果粉砕骨折	予測２
右外果粉砕骨折	予測３
慢性腎臓病の悪化	予測１
慢性腎臓病の悪化	予測２
慢性腎臓病の悪化	予測３
Ｂ群Β溶血性レンサ球菌陰性	予測１
Ｂ群Β溶血性レンサ球菌陰性	予測２
Ｂ群Β溶血性レンサ球菌陰性	予測３
噴門側胃切除	予測１
噴門側胃切除	予測２
噴門側胃切除	予測３
右足第１趾疼痛	予測１
右足第１趾疼痛	予測２
右足第１趾疼痛	予測３
入院時の胃潰瘍防止	予測１
入院時の胃潰瘍防止	予測２
入院時の胃潰瘍防止	予測３
急性中毒疹（多形紅斑型）	予測１
急性中毒疹（多形紅斑型）	予測２
急性中毒疹（多形紅斑型）	予測３
イマチニブ関連Ｓ／Ｏ心不全	予測１
イマチニブ関連Ｓ／Ｏ心不全	予測２
イマチニブ関連Ｓ／Ｏ心不全	予測３
補助化学療法	予測１
補助化学療法	予測２
補助化学療法	予測３
腹部出血	予測１
腹部出血	予測２
腹部出血	予測３
腸ゆ着乖離術	予測１
腸ゆ着乖離術	予測２
腸ゆ着乖離術	予測３
下部胆管癌	予測１
下部胆管癌	予測２
下部胆管癌	予測３
右眼網膜静脈閉塞症	予測１
右眼網膜静脈閉塞症	予測２
右眼網膜静脈閉塞症	予測３
高トリグリセライド血症の増悪	予測１
高トリグリセライド血症の増悪	予測２
高トリグリセライド血症の増悪	予測３
肝機能異常ＧＯＴ↑	予測１
肝機能異常ＧＯＴ↑	予測２
肝機能異常ＧＯＴ↑	予測３
肝細胞癌（２００７．５．２９）	予測１
肝細胞癌（２００７．５．２９）	予測２
肝細胞癌（２００７．５．２９）	予測３
意欲低下	予測１
意欲低下	予測２
意欲低下	予測３
陳旧性肋骨骨折	予測１
陳旧性肋骨骨折	予測２
陳旧性肋骨骨折	予測３
性器出血（細胞診によるもの）	予測１
性器出血（細胞診によるもの）	予測２
性器出血（細胞診によるもの）	予測３
完全房室ブロック（ペースメーカー植え込み術後）	予測１
完全房室ブロック（ペースメーカー植え込み術後）	予測２
完全房室ブロック（ペースメーカー植え込み術後）	予測３
創部術後感染	予測１
創部術後感染	予測２
創部術後感染	予測３
心臓-その他(虚血性心疾患)	予測１
心臓-その他(虚血性心疾患)	予測２
心臓-その他(虚血性心疾患)	予測３
網膜静脈分岐閉塞症	予測１
網膜静脈分岐閉塞症	予測２
網膜静脈分岐閉塞症	予測３
ヘリコバクター・ピロリ感染症	予測１
ヘリコバクター・ピロリ感染症	予測２
ヘリコバクター・ピロリ感染症	予測３
擦窩傷	予測１
擦窩傷	予測２
擦窩傷	予測３
口蓋乳頭腫	予測１
口蓋乳頭腫	予測２
口蓋乳頭腫	予測３
胆嚢癌により死亡	予測１
胆嚢癌により死亡	予測２
胆嚢癌により死亡	予測３
足の皮膚(ひざから下)の皮膚疾患(潰瘍)	予測１
足の皮膚(ひざから下)の皮膚疾患(潰瘍)	予測２
足の皮膚(ひざから下)の皮膚疾患(潰瘍)	予測３
胃切除後巨赤芽球貧血	予測１
胃切除後巨赤芽球貧血	予測２
胃切除後巨赤芽球貧血	予測３
めまい低血圧	予測１
めまい低血圧	予測２
めまい低血圧	予測３
軽度鬱状態	予測１
軽度鬱状態	予測２
軽度鬱状態	予測３
生卵、鶏肉で発疹	予測１
生卵、鶏肉で発疹	予測２
生卵、鶏肉で発疹	予測３
Ｈ１９年８月１日、左腎細胞がんにてｏｐｅ	予測１
Ｈ１９年８月１日、左腎細胞がんにてｏｐｅ	予測２
Ｈ１９年８月１日、左腎細胞がんにてｏｐｅ	予測３
体部皮脂欠乏性湿疹	予測１
体部皮脂欠乏性湿疹	予測２
体部皮脂欠乏性湿疹	予測３
下肢静脈瘤バイアスピリン内服	予測１
下肢静脈瘤バイアスピリン内服	予測２
下肢静脈瘤バイアスピリン内服	予測３
しっしん【湿疹】	予測１
しっしん【湿疹】	予測２
しっしん【湿疹】	予測３
先行疾患ＮＯＳ	予測１
先行疾患ＮＯＳ	予測２
先行疾患ＮＯＳ	予測３
全身自家感作性皮膚炎	予測１
全身自家感作性皮膚炎	予測２
全身自家感作性皮膚炎	予測３
脳梗塞時期不明	予測１
脳梗塞時期不明	予測２
脳梗塞時期不明	予測３
先天性知的障害	予測１
先天性知的障害	予測２
先天性知的障害	予測３
（舌が痛い）口内炎	予測１
（舌が痛い）口内炎	予測２
（舌が痛い）口内炎	予測３
術後吻合部出血	予測１
術後吻合部出血	予測２
術後吻合部出血	予測３
めまい症の悪化	予測１
めまい症の悪化	予測２
めまい症の悪化	予測３
１錠飲み忘れ	予測１
１錠飲み忘れ	予測２
１錠飲み忘れ	予測３
右肩皮下出血	予測１
右肩皮下出血	予測２
右肩皮下出血	予測３
生理が7日間早まった	予測１
生理が7日間早まった	予測２
生理が7日間早まった	予測３
服用を忘れた	予測１
服用を忘れた	予測２
服用を忘れた	予測３
肝膿瘍増悪	予測１
肝膿瘍増悪	予測２
肝膿瘍増悪	予測３
後頚部毛嚢炎	予測１
後頚部毛嚢炎	予測２
後頚部毛嚢炎	予測３
Ｌ３／４椎間板ヘルニア	予測１
Ｌ３／４椎間板ヘルニア	予測２
Ｌ３／４椎間板ヘルニア	予測３
胃癌ＯＰ	予測１
胃癌ＯＰ	予測２
胃癌ＯＰ	予測３
右乳癌Ｈ１４	予測１
右乳癌Ｈ１４	予測２
右乳癌Ｈ１４	予測３
初老期妄想状態	予測１
初老期妄想状態	予測２
初老期妄想状態	予測３
便通回数増加	予測１
便通回数増加	予測２
便通回数増加	予測３
白血球数増	予測１
白血球数増	予測２
白血球数増	予測３
眼瞼下垂（右）	予測１
眼瞼下垂（右）	予測２
眼瞼下垂（右）	予測３
糖尿病末梢神経障害	予測１
糖尿病末梢神経障害	予測２
糖尿病末梢神経障害	予測３
肝癌－Ｈ１８．６月動注塞栓術	予測１
肝癌－Ｈ１８．６月動注塞栓術	予測２
肝癌－Ｈ１８．６月動注塞栓術	予測３
